"Lu", 210, "Oc", 1
"Lu", 210, "Oc", 1
"Lu", 210, "Li", 1
"Lu", 210, "Li", 1
"Lu", 210, "Li", 1
"Lu", 210, "Oc", 1
"M", 98, "Li", 1
"M", 98, "Li", 1
"M", 98, "Li", 1
"M", 98, "Oc", 1
"M", 98, "Oc", 1
"M", 98, "Oc", 1
"M", 98, "Oc", 1
"M", 98, "Oc", 1
"M", 98, "Li", 1
"M", 98, "Li", 1
"M", 98, "Li", 1
"C", 50, "Li", 1
"C", 50, "Oc", 1
"C", 50, "Oc", 1
"C", 50, "Oc", 1
"C", 50, "Oc", 1
"C", 50, "Oc", 1
"C", 50, "Li", 1
"C", 50, "Li", 1
"C", 50, "Li", 1
"C", 50, "Li", 1
"C", 50, "Oc", 1
"C", 50, "Oc", 1
"C", 50, "Oc", 1
"C", 50, "Li", 1
"C", 50, "Li", 1
"C", 50, "Li", 1
"C", 50, "Li", 1
"Lu", 320, "Oc", 2
"Lu", 320, "Li", 2
"Lu", 320, "Li", 2
"Lu", 320, "Li", 2
"Lu", 320, "Oc", 2
"Lu", 320, "Oc", 2
"M", 200, "Oc", 2
"M", 200, "Oc", 2
"M", 200, "Oc", 2
"M", 200, "Oc", 2
"M", 200, "Oc", 2
"M", 200, "Li", 2
"M", 200, "Li", 2
"M", 200, "Li", 2
"M", 200, "Li", 2
"M", 200, "Li", 2
"M", 200, "Li", 2
"M", 200, "Li", 2
"C", 120, "Oc", 2
"C", 120, "Oc", 2
"C", 120, "Oc", 2
"C", 120, "Oc", 2
"C", 120, "Oc", 2
"C", 120, "Oc", 2
"C", 120, "Oc", 2
"C", 120, "Oc", 2
"C", 120, "Oc", 2
"C", 120, "Oc", 2
"C", 120, "Oc", 2
"C", 120, "Li", 2
"C", 120, "Li", 2
"C", 120, "Li", 2
"C", 120, "Li", 2
"C", 120, "Li", 2
"C", 120, "Li", 2
"C", 120, "Li", 2
"C", 120, "Li", 2
"C", 120, "Li", 2
"C", 120, "Li", 2
"Lu", 289, "Oc", 3
"Lu", 289, "Oc", 3
"Lu", 289, "Oc", 3
"Lu", 289, "Oc", 3
"Lu", 289, "Oc", 3
"Lu", 289, "Oc", 3
"M", 97, "Oc", 3
"M", 97, "Oc", 3
"M", 97, "Oc", 3
"M", 97, "Oc", 3
"M", 97, "Oc", 3
"M", 97, "Oc", 3
"M", 97, "Oc", 3
"M", 97, "Oc", 3
"C", 56, "Oc", 3
"C", 56, "Oc", 3
"C", 56, "Oc", 3
"C", 56, "Oc", 3
"C", 56, "Oc", 3
"C", 56, "Oc", 3
"C", 56, "Oc", 3
"C", 56, "Oc", 3
"C", 56, "Oc", 3
"C", 56, "Oc", 3
"C", 56, "Oc", 3
"C", 56, "Oc", 3
"C", 56, "Oc", 3
"C", 56, "Oc", 3
"C", 56, "Oc", 3
"C", 56, "Oc", 3
"C", 56, "Oc", 3
"C", 56, "Oc", 3
"C", 56, "Oc", 3
"C", 56, "Oc", 3
"C", 56, "Oc", 3
"Lu", 560, "Li", 4
"Lu", 560, "Li", 4
"Lu", 560, "Oc", 4
"Lu", 560, "Oc", 4
"Lu", 560, "Oc", 4
"Lu", 560, "Oc", 4
"Lu", 560, "Oc", 4
"M", 240, "Oc", 4
"M", 240, "Oc", 4
"M", 240, "Oc", 4
"M", 240, "Oc", 4
"M", 240, "Oc", 4
"M", 240, "Oc", 4
"M", 240, "Oc", 4
"M", 240, "Oc", 4
"M", 240, "Oc", 4
"M", 240, "Li", 4
"M", 240, "Li", 4
"M", 240, "Li", 4
"M", 240, "Li", 4
"M", 240, "Li", 4
"M", 240, "Li", 4
"M", 240, "Li", 4
"C", 140, "Li", 4
"C", 140, "Li", 4
"C", 140, "Li", 4
"C", 140, "Li", 4
"C", 140, "Li", 4
"C", 140, "Li", 4
"C", 140, "Li", 4
"C", 140, "Li", 4
"C", 140, "Li", 4
"C", 140, "Li", 4
"C", 140, "Li", 4
"C", 140, "Oc", 4
"C", 140, "Oc", 4
"C", 140, "Oc", 4
"C", 140, "Oc", 4
"C", 140, "Oc", 4
"C", 140, "Oc", 4
"C", 140, "Oc", 4
"C", 140, "Oc", 4
"Lu", 440, "Oc", 5
"Lu", 440, "Oc", 5
"Lu", 440, "Oc", 5
"Lu", 440, "Li", 5
"Lu", 440, "Li", 5
"Lu", 440, "Li", 5
"M", 260, "Li", 5
"M", 260, "Li", 5
"M", 260, "Li", 5
"M", 260, "Li", 5
"M", 260, "Li", 5
"M", 260, "Li", 5
"M", 260, "Li", 5
"M", 260, "Li", 5
"M", 260, "Oc", 5
"M", 260, "Oc", 5
"M", 260, "Oc", 5
"M", 260, "Oc", 5
"M", 260, "Oc", 5
"M", 260, "Oc", 5
"C", 155, "Oc", 5
"C", 155, "Oc", 5
"C", 155, "Oc", 5
"C", 155, "Oc", 5
"C", 155, "Oc", 5
"C", 155, "Oc", 5
"C", 155, "Oc", 5
"C", 155, "Oc", 5
"C", 155, "Oc", 5
"C", 155, "Oc", 5
"C", 155, "Li", 5
"C", 155, "Li", 5
"C", 155, "Li", 5
"C", 155, "Li", 5
"C", 155, "Li", 5
"C", 155, "Li", 5
"C", 155, "Li", 5
"C", 155, "Li", 5
"Lu", 239, "Oc", 6
"Lu", 239, "Oc", 6
"Lu", 239, "Oc", 6
"Lu", 239, "Oc", 6
"Lu", 239, "Li", 6
"Lu", 239, "Li", 6
"Lu", 239, "Li", 6
"M", 99, "Li", 6
"M", 99, "Li", 6
"M", 99, "Li", 6
"M", 99, "Li", 6
"M", 99, "Li", 6
"M", 99, "Li", 6
"M", 99, "Li", 6
"M", 99, "Oc", 6
"M", 99, "Oc", 6
"M", 99, "Oc", 6
"M", 99, "Oc", 6
"M", 99, "Oc", 6
"M", 99, "Oc", 6
"M", 99, "Oc", 6
"C", 62, "Oc", 6
"C", 62, "Oc", 6
"C", 62, "Oc", 6
"C", 62, "Oc", 6
"C", 62, "Oc", 6
"C", 62, "Oc", 6
"C", 62, "Oc", 6
"C", 62, "Oc", 6
"C", 62, "Oc", 6
"C", 62, "Oc", 6
"C", 62, "Oc", 6
"C", 62, "Oc", 6
"C", 62, "Li", 6
"C", 62, "Li", 6
"C", 62, "Li", 6
"C", 62, "Li", 6
"C", 62, "Li", 6
"C", 62, "Li", 6
"C", 62, "Li", 6
"C", 62, "Li", 6
"C", 62, "Li", 6
"Lu", 212, "Oc", 7
"Lu", 212, "Oc", 7
"Lu", 212, "Oc", 7
"Lu", 212, "Oc", 7
"Lu", 212, "Oc", 7
"Lu", 212, "Oc", 7
"Lu", 212, "Oc", 7
"Lu", 212, "Oc", 7
"Lu", 212, "Oc", 7
"Lu", 212, "Li", 7
"Lu", 212, "Li", 7
"Lu", 212, "Li", 7
"Lu", 212, "Li", 7
"Lu", 212, "Li", 7
"M", 123, "Oc", 7
"M", 123, "Oc", 7
"M", 123, "Oc", 7
"M", 123, "Oc", 7
"M", 123, "Oc", 7
"M", 123, "Oc", 7
"M", 123, "Oc", 7
"M", 123, "Oc", 7
"M", 123, "Oc", 7
"M", 123, "Oc", 7
"M", 123, "Oc", 7
"M", 123, "Oc", 7
"M", 123, "Oc", 7
"M", 123, "Li", 7
"M", 123, "Li", 7
"M", 123, "Li", 7
"M", 123, "Li", 7
"M", 123, "Li", 7
"M", 123, "Li", 7
"C", 76, "Li", 7
"C", 76, "Li", 7
"C", 76, "Oc", 7
"C", 76, "Oc", 7
"C", 76, "Oc", 7
"C", 76, "Oc", 7
"Lu", 534, "Oc", 8
"Lu", 534, "Oc", 8
"Lu", 534, "Oc", 8
"Lu", 534, "Oc", 8
"Lu", 534, "Oc", 8
"Lu", 534, "Oc", 8
"Lu", 534, "Li", 8
"Lu", 534, "Li", 8
"Lu", 534, "Li", 8
"Lu", 534, "Li", 8
"Lu", 534, "Li", 8
"Lu", 534, "Li", 8
"Lu", 534, "Li", 8
"Lu", 534, "Li", 8
"Lu", 534, "Li", 8
"M", 314, "Li", 8
"M", 314, "Li", 8
"M", 314, "Oc", 8
"M", 314, "Oc", 8
"M", 314, "Oc", 8
"M", 314, "Oc", 8
"M", 314, "Oc", 8
"M", 314, "Oc", 8
"M", 314, "Oc", 8
"M", 314, "Oc", 8
"M", 314, "Li", 8
"M", 314, "Li", 8
"M", 314, "Li", 8
"M", 314, "Li", 8
"M", 314, "Li", 8
"M", 314, "Li", 8
"M", 314, "Li", 8
"M", 314, "Li", 8
"M", 314, "Li", 8
"M", 314, "Li", 8
"M", 314, "Li", 8
"C", 124, "Li", 8
"C", 124, "Li", 8
"C", 124, "Li", 8
"C", 124, "Oc", 8
"C", 124, "Oc", 8
"C", 124, "Oc", 8
"C", 124, "Oc", 8
"C", 124, "Oc", 8
"C", 124, "Oc", 8
"C", 124, "Oc", 8
"C", 124, "Oc", 8
"C", 124, "Oc", 8
"C", 124, "Oc", 8
"C", 124, "Oc", 8
"C", 124, "Oc", 8
"C", 124, "Oc", 8
"C", 124, "Oc", 8
"C", 124, "Oc", 8
"C", 124, "Oc", 8
"C", 124, "Oc", 8
"C", 124, "Oc", 8
"Lu", 333, "Oc", 9
"Lu", 333, "Oc", 9
"Lu", 333, "Oc", 9
"Lu", 333, "Oc", 9
"Lu", 333, "Oc", 9
"Lu", 333, "Oc", 9
"Lu", 333, "Oc", 9
"Lu", 333, "Oc", 9
"Lu", 333, "Oc", 9
"Lu", 333, "Oc", 9
"Lu", 333, "Oc", 9
"Lu", 333, "Oc", 9
"Lu", 333, "Oc", 9
"Lu", 333, "Oc", 9
"Lu", 333, "Oc", 9
"M", 222, "Oc", 9
"M", 222, "Oc", 9
"M", 222, "Oc", 9
"M", 222, "Oc", 9
"M", 222, "Oc", 9
"M", 222, "Oc", 9
"M", 222, "Oc", 9
"M", 222, "Oc", 9
"M", 222, "Oc", 9
"M", 222, "Oc", 9
"M", 222, "Oc", 9
"M", 222, "Oc", 9
"M", 222, "Oc", 9
"M", 222, "Oc", 9
"M", 222, "Oc", 9
"M", 222, "Oc", 9
"M", 222, "Oc", 9
"M", 222, "Oc", 9
"M", 222, "Oc", 9
"M", 222, "Oc", 9
"M", 222, "Oc", 9
"M", 222, "Oc", 9
"C", 111, "Oc", 9
"C", 111, "Oc", 9
"C", 111, "Oc", 9
"C", 111, "Oc", 9
"C", 111, "Oc", 9
"C", 111, "Oc", 9
"C", 111, "Oc", 9
"C", 111, "Oc", 9
"C", 111, "Oc", 9
"C", 111, "Oc", 9
"C", 111, "Oc", 9
"C", 111, "Oc", 9
"C", 111, "Oc", 9
"C", 111, "Oc", 9
"C", 111, "Oc", 9
"C", 111, "Oc", 9
"C", 111, "Oc", 9
"C", 111, "Oc", 9
"C", 111, "Oc", 9
"C", 111, "Oc", 9
"C", 111, "Oc", 9
"C", 111, "Oc", 9
"C", 111, "Oc", 9
"C", 111, "Oc", 9
"C", 111, "Oc", 9
"C", 111, "Oc", 9
"Lu", 312, "Oc", 10
"Lu", 312, "Oc", 10
"Lu", 312, "Oc", 10
"Lu", 312, "Oc", 10
"Lu", 312, "Oc", 10
"Lu", 312, "Oc", 10
"Lu", 312, "Oc", 10
"Lu", 312, "Oc", 10
"Lu", 312, "Li", 10
"Lu", 312, "Li", 10
"Lu", 312, "Li", 10
"Lu", 312, "Li", 10
"M", 206, "Oc", 10
"M", 206, "Oc", 10
"M", 206, "Oc", 10
"M", 206, "Oc", 10
"M", 206, "Oc", 10
"M", 206, "Oc", 10
"M", 206, "Oc", 10
"M", 206, "Oc", 10
"M", 206, "Oc", 10
"M", 206, "Oc", 10
"M", 206, "Oc", 10
"M", 206, "Oc", 10
"M", 206, "Oc", 10
"M", 206, "Li", 10
"M", 206, "Li", 10
"M", 206, "Li", 10
"M", 206, "Li", 10
"C", 99, "Oc", 10
"C", 99, "Oc", 10
"C", 99, "Li", 10
"C", 99, "Li", 10
"C", 99, "Li", 10
"C", 99, "Li", 10
"C", 99, "Li", 10
"C", 99, "Li", 10
"C", 99, "Li", 10
"C", 99, "Li", 10
"C", 99, "Li", 10
"C", 99, "Li", 10
"C", 99, "Li", 10
"C", 99, "Oc", 10
"C", 99, "Oc", 10
"C", 99, "Oc", 10
"C", 99, "Oc", 10
"C", 99, "Oc", 10
"C", 99, "Oc", 10
"Lu", 450, "Oc", 11
"Lu", 450, "Oc", 11
"Lu", 450, "Oc", 11
"Lu", 450, "Oc", 11
"Lu", 450, "Oc", 11
"Lu", 450, "Oc", 11
"Lu", 450, "Li", 11
"Lu", 450, "Li", 11
"Lu", 450, "Li", 11
"Lu", 450, "Li", 11
"Lu", 450, "Li", 11
"Lu", 450, "Li", 11
"M", 330, "Oc", 11
"M", 330, "Oc", 11
"M", 330, "Oc", 11
"M", 330, "Oc", 11
"M", 330, "Oc", 11
"M", 330, "Oc", 11
"M", 330, "Oc", 11
"M", 330, "Oc", 11
"M", 330, "Oc", 11
"M", 330, "Oc", 11
"M", 330, "Li", 11
"M", 330, "Li", 11
"M", 330, "Li", 11
"M", 330, "Li", 11
"M", 330, "Li", 11
"M", 330, "Li", 11
"M", 330, "Li", 11
"M", 330, "Li", 11
"M", 330, "Li", 11
"M", 330, "Li", 11
"M", 330, "Li", 11
"C", 203, "Li", 11
"C", 203, "Li", 11
"C", 203, "Li", 11
"C", 203, "Li", 11
"C", 203, "Li", 11
"C", 203, "Li", 11
"C", 203, "Li", 11
"C", 203, "Li", 11
"C", 203, "Li", 11
"C", 203, "Li", 11
"C", 203, "Oc", 11
"C", 203, "Oc", 11
"C", 203, "Oc", 11
"C", 203, "Oc", 11
"C", 203, "Oc", 11
"C", 203, "Oc", 11
"C", 203, "Oc", 11
"C", 203, "Oc", 11
"C", 203, "Oc", 11
"C", 203, "Oc", 11
"Lu", 435, "Oc", 12
"Lu", 435, "Oc", 12
"Lu", 435, "Oc", 12
"Lu", 435, "Oc", 12
"Lu", 435, "Oc", 12
"Lu", 435, "Oc", 12
"Lu", 435, "Oc", 12
"Lu", 435, "Oc", 12
"Lu", 435, "Oc", 12
"Lu", 435, "Li", 12
"Lu", 435, "Li", 12
"Lu", 435, "Li", 12
"Lu", 435, "Li", 12
"Lu", 435, "Li", 12
"Lu", 435, "Li", 12
"Lu", 435, "Li", 12
"Lu", 435, "Li", 12
"M", 324, "Li", 12
"M", 324, "Li", 12
"M", 324, "Li", 12
"M", 324, "Li", 12
"M", 324, "Li", 12
"M", 324, "Li", 12
"M", 324, "Li", 12
"M", 324, "Li", 12
"M", 324, "Li", 12
"M", 324, "Oc", 12
"M", 324, "Oc", 12
"M", 324, "Oc", 12
"M", 324, "Oc", 12
"M", 324, "Oc", 12
"M", 324, "Oc", 12
"M", 324, "Oc", 12
"M", 324, "Oc", 12
"M", 324, "Oc", 12
"M", 324, "Oc", 12
"M", 324, "Oc", 12
"M", 324, "Oc", 12
"M", 324, "Oc", 12
"M", 324, "Oc", 12
"C", 160, "Oc", 12
"C", 160, "Oc", 12
"C", 160, "Oc", 12
"C", 160, "Oc", 12
"C", 160, "Oc", 12
"C", 160, "Oc", 12
"C", 160, "Oc", 12
"C", 160, "Oc", 12
"C", 160, "Oc", 12
"C", 160, "Oc", 12
"C", 160, "Oc", 12
"C", 160, "Oc", 12
"C", 160, "Oc", 12
"C", 160, "Oc", 12
"C", 160, "Oc", 12
"C", 160, "Oc", 12
"C", 160, "Oc", 12
"C", 160, "Oc", 12
"C", 160, "Oc", 12
"C", 160, "Li", 12
"C", 160, "Li", 12
"C", 160, "Li", 12
"C", 160, "Li", 12
"C", 160, "Li", 12
"C", 160, "Li", 12
"C", 160, "Li", 12
"C", 160, "Li", 12
"Lu", 234, "Oc", 13
"Lu", 234, "Oc", 13
"Lu", 234, "Oc", 13
"Lu", 234, "Oc", 13
"Lu", 234, "Oc", 13
"Lu", 234, "Oc", 13
"Lu", 234, "Oc", 13
"Lu", 234, "Oc", 13
"Lu", 234, "Oc", 13
"Lu", 234, "Oc", 13
"Lu", 234, "Oc", 13
"Lu", 234, "Oc", 13
"Lu", 234, "Oc", 13
"Lu", 234, "Oc", 13
"M", 145, "Oc", 13
"M", 145, "Oc", 13
"M", 145, "Oc", 13
"M", 145, "Oc", 13
"M", 145, "Oc", 13
"M", 145, "Oc", 13
"M", 145, "Oc", 13
"M", 145, "Oc", 13
"M", 145, "Oc", 13
"M", 145, "Oc", 13
"M", 145, "Oc", 13
"M", 145, "Li", 13
"M", 145, "Li", 13
"C", 76, "Li", 13
"C", 76, "Li", 13
"C", 76, "Li", 13
"C", 76, "Li", 13
"C", 76, "Li", 13
"C", 76, "Li", 13
"C", 76, "Li", 13
"C", 76, "Li", 13
"C", 76, "Li", 13
"C", 76, "Oc", 13
"C", 76, "Oc", 13
"C", 76, "Oc", 13
"C", 76, "Oc", 13
"C", 76, "Oc", 13
"Lu", 199, "Oc", 14
"Lu", 199, "Oc", 14
"Lu", 199, "Oc", 14
"Lu", 199, "Oc", 14
"Lu", 199, "Oc", 14
"Lu", 199, "Oc", 14
"Lu", 199, "Oc", 14
"Lu", 199, "Oc", 14
"Lu", 199, "Li", 14
"Lu", 199, "Li", 14
"Lu", 199, "Li", 14
"Lu", 199, "Li", 14
"Lu", 199, "Li", 14
"Lu", 199, "Li", 14
"Lu", 199, "Li", 14
"Lu", 199, "Li", 14
"M", 91, "Oc", 14
"M", 91, "Oc", 14
"M", 91, "Oc", 14
"M", 91, "Oc", 14
"M", 91, "Oc", 14
"M", 91, "Oc", 14
"M", 91, "Oc", 14
"M", 91, "Oc", 14
"M", 91, "Oc", 14
"M", 91, "Oc", 14
"M", 91, "Li", 14
"M", 91, "Li", 14
"M", 91, "Li", 14
"M", 91, "Li", 14
"M", 91, "Li", 14
"M", 91, "Li", 14
"C", 76, "Oc", 14
"C", 76, "Oc", 14
"C", 76, "Oc", 14
"C", 76, "Oc", 14
"C", 76, "Oc", 14
"C", 76, "Oc", 14
"C", 76, "Oc", 14
"C", 76, "Oc", 14
"C", 76, "Oc", 14
"C", 76, "Li", 14
"C", 76, "Li", 14
"C", 76, "Li", 14
"C", 76, "Li", 14
"C", 76, "Li", 14
"Lu", 254, "Oc", 15
"Lu", 254, "Oc", 15
"Lu", 254, "Li", 15
"Lu", 254, "Li", 15
"Lu", 254, "Li", 15
"Lu", 254, "Li", 15
"Lu", 254, "Oc", 15
"Lu", 254, "Oc", 15
"Lu", 254, "Oc", 15
"Lu", 254, "Oc", 15
"Lu", 254, "Oc", 15
"Lu", 254, "Oc", 15
"M", 190, "Oc", 15
"M", 190, "Oc", 15
"M", 190, "Oc", 15
"M", 190, "Oc", 15
"M", 190, "Oc", 15
"M", 190, "Oc", 15
"M", 190, "Oc", 15
"M", 190, "Oc", 15
"M", 190, "Oc", 15
"M", 190, "Oc", 15
"M", 190, "Oc", 15
"M", 190, "Oc", 15
"M", 190, "Li", 15
"M", 190, "Li", 15
"M", 190, "Li", 15
"M", 190, "Li", 15
"M", 190, "Li", 15
"M", 190, "Li", 15
"M", 190, "Li", 15
"C", 111, "Li", 15
"C", 111, "Li", 15
"C", 111, "Li", 15
"C", 111, "Li", 15
"C", 111, "Li", 15
"C", 111, "Li", 15
"C", 111, "Li", 15
"C", 111, "Li", 15
"C", 111, "Li", 15
"C", 111, "Li", 15
"C", 111, "Li", 15
"C", 111, "Li", 15
"C", 111, "Li", 15
"C", 111, "Oc", 15
"C", 111, "Oc", 15
"C", 111, "Oc", 15
"C", 111, "Oc", 15
"C", 111, "Oc", 15
"C", 111, "Oc", 15
"C", 111, "Oc", 15
"C", 111, "Oc", 15
"Lu", 334, "Oc", 16
"Lu", 334, "Oc", 16
"Lu", 334, "Oc", 16
"Lu", 334, "Oc", 16
"Lu", 334, "Oc", 16
"Lu", 334, "Oc", 16
"Lu", 334, "Oc", 16
"Lu", 334, "Oc", 16
"Lu", 334, "Oc", 16
"Lu", 334, "Oc", 16
"Lu", 334, "Oc", 16
"Lu", 334, "Oc", 16
"Lu", 334, "Oc", 16
"Lu", 334, "Oc", 16
"Lu", 334, "Oc", 16
"Lu", 334, "Li", 16
"Lu", 334, "Li", 16
"Lu", 334, "Li", 16
"Lu", 334, "Li", 16
"Lu", 334, "Li", 16
"Lu", 334, "Li", 16
"M", 211, "Oc", 16
"M", 211, "Oc", 16
"M", 211, "Oc", 16
"M", 211, "Oc", 16
"M", 211, "Oc", 16
"M", 211, "Oc", 16
"M", 211, "Oc", 16
"M", 211, "Oc", 16
"M", 211, "Oc", 16
"M", 211, "Oc", 16
"M", 211, "Oc", 16
"M", 211, "Oc", 16
"M", 211, "Oc", 16
"M", 211, "Oc", 16
"M", 211, "Oc", 16
"M", 211, "Oc", 16
"M", 211, "Oc", 16
"M", 211, "Oc", 16
"M", 211, "Li", 16
"M", 211, "Li", 16
"M", 211, "Li", 16
"M", 211, "Li", 16
"M", 211, "Li", 16
"M", 211, "Li", 16
"M", 211, "Li", 16
"M", 211, "Li", 16
"C", 132, "Li", 16
"C", 132, "Li", 16
"C", 132, "Li", 16
"C", 132, "Oc", 16
"C", 132, "Oc", 16
"C", 132, "Oc", 16
"C", 132, "Oc", 16
"C", 132, "Oc", 16
"C", 132, "Oc", 16
"C", 132, "Oc", 16
"C", 132, "Oc", 16
"C", 132, "Oc", 16
"C", 132, "Oc", 16
"C", 132, "Oc", 16
"C", 132, "Oc", 16
"C", 132, "Li", 16
"C", 132, "Li", 16
"C", 132, "Li", 16
"C", 132, "Li", 16
"C", 132, "Oc", 16
"C", 132, "Oc", 16
"C", 132, "Oc", 16
"C", 132, "Oc", 16
"C", 132, "Oc", 16
"C", 132, "Li", 16
"Lu", 376, "Oc", 17
"Lu", 376, "Oc", 17
"Lu", 376, "Oc", 17
"Lu", 376, "Oc", 17
"Lu", 376, "Oc", 17
"Lu", 376, "Li", 17
"Lu", 376, "Li", 17
"Lu", 376, "Li", 17
"Lu", 376, "Li", 17
"Lu", 376, "Li", 17
"Lu", 376, "Li", 17
"Lu", 376, "Li", 17
"Lu", 376, "Li", 17
"Lu", 376, "Li", 17
"Lu", 376, "Li", 17
"Lu", 376, "Li", 17
"Lu", 376, "Oc", 17
"Lu", 376, "Oc", 17
"Lu", 376, "Oc", 17
"Lu", 376, "Oc", 17
"Lu", 376, "Oc", 17
"Lu", 376, "Oc", 17
"M", 143, "Li", 17
"M", 143, "Li", 17
"M", 143, "Li", 17
"M", 143, "Li", 17
"M", 143, "Li", 17
"M", 143, "Li", 17
"M", 143, "Li", 17
"M", 143, "Li", 17
"M", 143, "Li", 17
"M", 143, "Li", 17
"M", 143, "Oc", 17
"M", 143, "Oc", 17
"M", 143, "Oc", 17
"M", 143, "Oc", 17
"M", 143, "Oc", 17
"M", 143, "Oc", 17
"M", 143, "Oc", 17
"M", 143, "Oc", 17
"M", 143, "Oc", 17
"M", 143, "Oc", 17
"M", 143, "Oc", 17
"M", 143, "Oc", 17
"M", 143, "Oc", 17
"M", 143, "Oc", 17
"C", 94, "Li", 17
"C", 94, "Li", 17
"C", 94, "Li", 17
"C", 94, "Oc", 17
"C", 94, "Oc", 17
"C", 94, "Oc", 17
"C", 94, "Oc", 17
"C", 94, "Oc", 17
"C", 94, "Oc", 17
"C", 94, "Oc", 17
"C", 94, "Oc", 17
"C", 94, "Oc", 17
"C", 94, "Oc", 17
"C", 94, "Oc", 17
"C", 94, "Oc", 17
"C", 94, "Oc", 17
"C", 94, "Li", 17
"C", 94, "Li", 17
"C", 94, "Li", 17
"C", 94, "Li", 17
"C", 94, "Li", 17
"C", 94, "Li", 17
"C", 94, "Li", 17
"C", 94, "Li", 17
"Lu", 420, "Oc", 18
"Lu", 420, "Oc", 18
"Lu", 420, "Oc", 18
"Lu", 420, "Oc", 18
"Lu", 420, "Oc", 18
"Lu", 420, "Oc", 18
"Lu", 420, "Oc", 18
"Lu", 420, "Oc", 18
"Lu", 420, "Oc", 18
"Lu", 420, "Oc", 18
"Lu", 420, "Oc", 18
"Lu", 420, "Oc", 18
"Lu", 420, "Oc", 18
"Lu", 420, "Oc", 18
"Lu", 420, "Oc", 18
"Lu", 420, "Oc", 18
"Lu", 420, "Oc", 18
"Lu", 420, "Oc", 18
"Lu", 420, "Oc", 18
"Lu", 420, "Oc", 18
"M", 310, "Oc", 18
"M", 310, "Oc", 18
"M", 310, "Oc", 18
"M", 310, "Oc", 18
"M", 310, "Oc", 18
"M", 310, "Oc", 18
"M", 310, "Oc", 18
"M", 310, "Oc", 18
"M", 310, "Oc", 18
"M", 310, "Oc", 18
"M", 310, "Oc", 18
"M", 310, "Oc", 18
"M", 310, "Oc", 18
"M", 310, "Oc", 18
"M", 310, "Oc", 18
"M", 310, "Oc", 18
"M", 310, "Li", 18
"M", 310, "Li", 18
"M", 310, "Li", 18
"M", 310, "Li", 18
"M", 310, "Li", 18
"M", 310, "Li", 18
"M", 310, "Li", 18
"M", 310, "Li", 18
"M", 310, "Li", 18
"M", 310, "Li", 18
"C", 178, "Li", 18
"C", 178, "Oc", 18
"C", 178, "Oc", 18
"C", 178, "Oc", 18
"C", 178, "Oc", 18
"C", 178, "Oc", 18
"C", 178, "Oc", 18
"C", 178, "Oc", 18
"C", 178, "Oc", 18
"C", 178, "Oc", 18
"C", 178, "Oc", 18
"C", 178, "Oc", 18
"C", 178, "Oc", 18
"C", 178, "Oc", 18
"C", 178, "Oc", 18
"C", 178, "Oc", 18
"C", 178, "Oc", 18
"C", 178, "Oc", 18
"C", 178, "Li", 18
"C", 178, "Li", 18
"C", 178, "Li", 18
"C", 178, "Li", 18
"C", 178, "Li", 18
"C", 178, "Li", 18
"C", 178, "Li", 18
"C", 178, "Li", 18
"C", 178, "Li", 18
"C", 178, "Li", 18
"C", 178, "Li", 18
"C", 178, "Li", 18
"C", 178, "Li", 18
"C", 178, "Li", 18
"C", 178, "Li", 18
"C", 178, "Li", 18
"C", 178, "Li", 18
"C", 178, "Li", 18
"C", 178, "Li", 18
"C", 178, "Li", 18
"C", 178, "Li", 18
"C", 178, "Li", 18
"C", 178, "Li", 18
"C", 178, "Oc", 18
"C", 178, "Oc", 18
"C", 178, "Oc", 18
"C", 178, "Oc", 18
"C", 178, "Oc", 18
"C", 178, "Oc", 18
"C", 178, "Oc", 18
"C", 178, "Oc", 18
"C", 178, "Oc", 18
"C", 178, "Oc", 18
"C", 178, "Oc", 18
"C", 178, "Oc", 18
"C", 178, "Oc", 18
"C", 178, "Oc", 18
"C", 178, "Oc", 18
"C", 178, "Oc", 18
"Lu", 610, "Oc", 19
"Lu", 610, "Oc", 19
"Lu", 610, "Oc", 19
"Lu", 610, "Oc", 19
"Lu", 610, "Oc", 19
"Lu", 610, "Oc", 19
"Lu", 610, "Oc", 19
"Lu", 610, "Oc", 19
"Lu", 610, "Oc", 19
"Lu", 610, "Oc", 19
"Lu", 610, "Oc", 19
"Lu", 610, "Li", 19
"Lu", 610, "Li", 19
"Lu", 610, "Li", 19
"Lu", 610, "Li", 19
"Lu", 610, "Li", 19
"Lu", 610, "Li", 19
"Lu", 610, "Li", 19
"Lu", 610, "Li", 19
"Lu", 610, "Li", 19
"M", 432, "Li", 19
"M", 432, "Li", 19
"M", 432, "Li", 19
"M", 432, "Li", 19
"M", 432, "Li", 19
"M", 432, "Oc", 19
"M", 432, "Oc", 19
"M", 432, "Oc", 19
"M", 432, "Oc", 19
"M", 432, "Oc", 19
"M", 432, "Oc", 19
"M", 432, "Oc", 19
"M", 432, "Oc", 19
"M", 432, "Oc", 19
"M", 432, "Oc", 19
"M", 432, "Oc", 19
"M", 432, "Oc", 19
"M", 432, "Li", 19
"M", 432, "Li", 19
"M", 432, "Li", 19
"M", 432, "Li", 19
"M", 432, "Li", 19
"M", 432, "Li", 19
"M", 432, "Li", 19
"M", 432, "Li", 19
"M", 432, "Li", 19
"M", 432, "Li", 19
"M", 432, "Oc", 19
"M", 432, "Oc", 19
"M", 432, "Oc", 19
"M", 432, "Oc", 19
"M", 432, "Oc", 19
"M", 432, "Oc", 19
"M", 432, "Oc", 19
"M", 432, "Oc", 19
"M", 432, "Li", 19
"M", 432, "Li", 19
"M", 432, "Li", 19
"M", 432, "Li", 19
"M", 432, "Li", 19
"M", 432, "Li", 19
"M", 432, "Li", 19
"M", 432, "Li", 19
"M", 432, "Li", 19
"M", 432, "Oc", 19
"C", 302, "Oc", 19
"C", 302, "Oc", 19
"C", 302, "Li", 19
"C", 302, "Li", 19
"C", 302, "Li", 19
"C", 302, "Li", 19
"C", 302, "Li", 19
"C", 302, "Li", 19
"C", 302, "Li", 19
"C", 302, "Li", 19
"C", 302, "Li", 19
"C", 302, "Li", 19
"C", 302, "Li", 19
"C", 302, "Oc", 19
"C", 302, "Oc", 19
"C", 302, "Oc", 19
"C", 302, "Oc", 19
"C", 302, "Oc", 19
"C", 302, "Oc", 19
"C", 302, "Oc", 19
"C", 302, "Oc", 19
"C", 302, "Oc", 19
"C", 302, "Oc", 19
"C", 302, "Li", 19
"C", 302, "Li", 19
"C", 302, "Li", 19
"C", 302, "Li", 19
"C", 302, "Li", 19
"C", 302, "Li", 19
"C", 302, "Li", 19
"C", 302, "Li", 19
"C", 302, "Li", 19
"C", 302, "Li", 19
"C", 302, "Li", 19
"C", 302, "Li", 19
"C", 302, "Li", 19
"C", 302, "Li", 19
"C", 302, "Li", 19
"C", 302, "Oc", 19
"C", 302, "Oc", 19
"C", 302, "Oc", 19
"C", 302, "Oc", 19
"C", 302, "Oc", 19
"C", 302, "Oc", 19
"C", 302, "Oc", 19
"C", 302, "Oc", 19
"C", 302, "Oc", 19
"C", 302, "Oc", 19
"C", 302, "Oc", 19
"C", 302, "Oc", 19
"C", 302, "Oc", 19
"C", 302, "Oc", 19
"C", 302, "Oc", 19
"C", 302, "Oc", 19
"C", 302, "Oc", 19
"C", 302, "Oc", 19
"C", 302, "Oc", 19
"C", 302, "Oc", 19
"C", 302, "Oc", 19
"C", 302, "Li", 19
"C", 302, "Li", 19
"C", 302, "Li", 19
"C", 302, "Li", 19
"C", 302, "Li", 19
"C", 302, "Li", 19
"Lu", 584, "Oc", 20
"Lu", 584, "Oc", 20
"Lu", 584, "Oc", 20
"Lu", 584, "Oc", 20
"Lu", 584, "Oc", 20
"Lu", 584, "Oc", 20
"Lu", 584, "Li", 20
"Lu", 584, "Li", 20
"Lu", 584, "Li", 20
"Lu", 584, "Li", 20
"Lu", 584, "Li", 20
"Lu", 584, "Li", 20
"Lu", 584, "Li", 20
"Lu", 584, "Li", 20
"Lu", 584, "Li", 20
"Lu", 584, "Li", 20
"Lu", 584, "Li", 20
"Lu", 584, "Li", 20
"Lu", 584, "Oc", 20
"Lu", 584, "Oc", 20
"Lu", 584, "Oc", 20
"M", 412, "Oc", 20
"M", 412, "Li", 20
"M", 412, "Li", 20
"M", 412, "Li", 20
"M", 412, "Li", 20
"M", 412, "Oc", 20
"M", 412, "Oc", 20
"M", 412, "Oc", 20
"M", 412, "Oc", 20
"M", 412, "Oc", 20
"M", 412, "Oc", 20
"M", 412, "Oc", 20
"M", 412, "Oc", 20
"M", 412, "Oc", 20
"M", 412, "Oc", 20
"M", 412, "Oc", 20
"M", 412, "Oc", 20
"M", 412, "Oc", 20
"M", 412, "Oc", 20
"M", 412, "Oc", 20
"M", 412, "Oc", 20
"M", 412, "Li", 20
"M", 412, "Li", 20
"M", 412, "Li", 20
"M", 412, "Li", 20
"M", 412, "Li", 20
"M", 412, "Li", 20
"M", 412, "Oc", 20
"M", 412, "Oc", 20
"M", 412, "Oc", 20
"M", 412, "Oc", 20
"M", 412, "Oc", 20
"M", 412, "Oc", 20
"M", 412, "Oc", 20
"C", 212, "Li", 20
"C", 212, "Li", 20
"C", 212, "Li", 20
"C", 212, "Oc", 20
"C", 212, "Oc", 20
"C", 212, "Oc", 20
"C", 212, "Oc", 20
"C", 212, "Oc", 20
"C", 212, "Oc", 20
"C", 212, "Oc", 20
"C", 212, "Oc", 20
"C", 212, "Oc", 20
"C", 212, "Oc", 20
"C", 212, "Oc", 20
"C", 212, "Oc", 20
"C", 212, "Oc", 20
"C", 212, "Oc", 20
"C", 212, "Oc", 20
"C", 212, "Li", 20
"C", 212, "Li", 20
"C", 212, "Li", 20
"C", 212, "Li", 20
"C", 212, "Li", 20
"C", 212, "Li", 20
"C", 212, "Li", 20
"C", 212, "Li", 20
"C", 212, "Li", 20
"C", 212, "Li", 20
"C", 212, "Li", 20
"C", 212, "Li", 20
"C", 212, "Li", 20
"C", 212, "Li", 20
"C", 212, "Oc", 20
"C", 212, "Oc", 20
"C", 212, "Oc", 20
"C", 212, "Oc", 20
"C", 212, "Oc", 20
"C", 212, "Oc", 20
"C", 212, "Oc", 20
"C", 212, "Oc", 20
"C", 212, "Oc", 20
"C", 212, "Oc", 20
"C", 212, "Li", 20
"C", 212, "Li", 20
"C", 212, "Li", 20
"C", 212, "Li", 20
"C", 212, "Li", 20
"C", 212, "Li", 20
"C", 212, "Li", 20
"C", 212, "Li", 20
"C", 212, "Li", 20
"C", 212, "Li", 20
"C", 212, "Li", 20
"C", 212, "Li", 20
"C", 212, "Li", 20
"C", 212, "Li", 20
"C", 212, "Li", 20
"C", 212, "Li", 20
"C", 212, "Li", 20
"C", 212, "Oc", 20
"C", 212, "Oc", 20
"C", 212, "Oc", 20
"C", 212, "Oc", 20
"C", 212, "Oc", 20
"Lu", 783, "Oc", 21
"Lu", 783, "Oc", 21
"Lu", 783, "Oc", 21
"Lu", 783, "Oc", 21
"Lu", 783, "Oc", 21
"Lu", 783, "Oc", 21
"Lu", 783, "Oc", 21
"Lu", 783, "Oc", 21
"Lu", 783, "Oc", 21
"Lu", 783, "Oc", 21
"Lu", 783, "Oc", 21
"Lu", 783, "Oc", 21
"Lu", 783, "Oc", 21
"Lu", 783, "Oc", 21
"Lu", 783, "Oc", 21
"Lu", 783, "Oc", 21
"Lu", 783, "Oc", 21
"Lu", 783, "Oc", 21
"Lu", 783, "Oc", 21
"Lu", 783, "Oc", 21
"Lu", 783, "Oc", 21
"Lu", 783, "Oc", 21
"Lu", 783, "Oc", 21
"Lu", 783, "Oc", 21
"Lu", 783, "Oc", 21
"Lu", 783, "Oc", 21
"Lu", 783, "Oc", 21
"Lu", 783, "Oc", 21
"Lu", 783, "Oc", 21
"Lu", 783, "Oc", 21
"Lu", 783, "Oc", 21
"Lu", 783, "Oc", 21
"Lu", 783, "Oc", 21
"M", 585, "Oc", 21
"M", 585, "Oc", 21
"M", 585, "Oc", 21
"M", 585, "Oc", 21
"M", 585, "Oc", 21
"M", 585, "Oc", 21
"M", 585, "Oc", 21
"M", 585, "Oc", 21
"M", 585, "Oc", 21
"M", 585, "Oc", 21
"M", 585, "Oc", 21
"M", 585, "Oc", 21
"M", 585, "Oc", 21
"M", 585, "Oc", 21
"M", 585, "Oc", 21
"M", 585, "Oc", 21
"M", 585, "Oc", 21
"M", 585, "Oc", 21
"M", 585, "Oc", 21
"M", 585, "Oc", 21
"M", 585, "Oc", 21
"M", 585, "Oc", 21
"M", 585, "Oc", 21
"M", 585, "Oc", 21
"M", 585, "Oc", 21
"M", 585, "Oc", 21
"M", 585, "Oc", 21
"M", 585, "Oc", 21
"M", 585, "Oc", 21
"M", 585, "Oc", 21
"M", 585, "Oc", 21
"M", 585, "Oc", 21
"M", 585, "Oc", 21
"M", 585, "Oc", 21
"M", 585, "Oc", 21
"M", 585, "Oc", 21
"M", 585, "Oc", 21
"M", 585, "Oc", 21
"M", 585, "Oc", 21
"M", 585, "Oc", 21
"M", 585, "Oc", 21
"M", 585, "Oc", 21
"M", 585, "Oc", 21
"M", 585, "Oc", 21
"M", 585, "Oc", 21
"M", 585, "Oc", 21
"M", 585, "Oc", 21
"M", 585, "Oc", 21
"M", 585, "Oc", 21
"M", 585, "Oc", 21
"M", 585, "Oc", 21
"M", 585, "Oc", 21
"M", 585, "Oc", 21
"M", 585, "Oc", 21
"M", 585, "Oc", 21
"M", 585, "Oc", 21
"M", 585, "Oc", 21
"M", 585, "Oc", 21
"M", 585, "Oc", 21
"M", 585, "Oc", 21
"M", 585, "Oc", 21
"M", 585, "Oc", 21
"M", 585, "Oc", 21
"M", 585, "Oc", 21
"M", 585, "Oc", 21
"M", 585, "Oc", 21
"M", 585, "Oc", 21
"M", 585, "Oc", 21
"M", 585, "Oc", 21
"M", 585, "Oc", 21
"M", 585, "Oc", 21
"M", 585, "Oc", 21
"C", 212, "Oc", 21
"C", 212, "Oc", 21
"C", 212, "Oc", 21
"C", 212, "Oc", 21
"C", 212, "Oc", 21
"C", 212, "Oc", 21
"C", 212, "Oc", 21
"C", 212, "Oc", 21
"C", 212, "Oc", 21
"C", 212, "Oc", 21
"C", 212, "Oc", 21
"C", 212, "Oc", 21
"C", 212, "Oc", 21
"C", 212, "Oc", 21
"C", 212, "Oc", 21
"C", 212, "Oc", 21
"C", 212, "Oc", 21
"C", 212, "Oc", 21
"C", 212, "Oc", 21
"C", 212, "Oc", 21
"C", 212, "Oc", 21
"C", 212, "Oc", 21
"C", 212, "Oc", 21
"C", 212, "Oc", 21
"C", 212, "Oc", 21
"C", 212, "Oc", 21
"C", 212, "Oc", 21
"C", 212, "Oc", 21
"C", 212, "Oc", 21
"C", 212, "Oc", 21
"C", 212, "Oc", 21
"C", 212, "Oc", 21
"C", 212, "Oc", 21
"C", 212, "Oc", 21
"C", 212, "Oc", 21
"C", 212, "Oc", 21
"C", 212, "Oc", 21
"C", 212, "Oc", 21
"C", 212, "Oc", 21
"C", 212, "Oc", 21
"C", 212, "Oc", 21
"C", 212, "Oc", 21
"C", 212, "Oc", 21
"C", 212, "Oc", 21
"C", 212, "Oc", 21
"C", 212, "Oc", 21
"C", 212, "Oc", 21
"C", 212, "Oc", 21
"C", 212, "Oc", 21
"C", 212, "Oc", 21
"C", 212, "Oc", 21
"Lu", 470, "Oc", 22
"Lu", 470, "Oc", 22
"Lu", 470, "Li", 22
"Lu", 470, "Li", 22
"Lu", 470, "Li", 22
"Lu", 470, "Li", 22
"Lu", 470, "Li", 22
"Lu", 470, "Li", 22
"Lu", 470, "Li", 22
"Lu", 470, "Li", 22
"Lu", 470, "Li", 22
"Lu", 470, "Li", 22
"Lu", 470, "Li", 22
"Lu", 470, "Li", 22
"Lu", 470, "Oc", 22
"Lu", 470, "Oc", 22
"Lu", 470, "Oc", 22
"Lu", 470, "Oc", 22
"Lu", 470, "Oc", 22
"Lu", 470, "Oc", 22
"Lu", 470, "Oc", 22
"Lu", 470, "Oc", 22
"Lu", 470, "Oc", 22
"Lu", 470, "Oc", 22
"Lu", 470, "Oc", 22
"Lu", 470, "Oc", 22
"M", 345, "Li", 22
"M", 345, "Li", 22
"M", 345, "Li", 22
"M", 345, "Oc", 22
"M", 345, "Oc", 22
"M", 345, "Oc", 22
"M", 345, "Oc", 22
"M", 345, "Oc", 22
"M", 345, "Oc", 22
"M", 345, "Oc", 22
"M", 345, "Oc", 22
"M", 345, "Li", 22
"M", 345, "Li", 22
"M", 345, "Li", 22
"M", 345, "Li", 22
"M", 345, "Li", 22
"M", 345, "Li", 22
"M", 345, "Li", 22
"M", 345, "Li", 22
"M", 345, "Li", 22
"M", 345, "Li", 22
"M", 345, "Li", 22
"M", 345, "Li", 22
"M", 345, "Li", 22
"M", 345, "Li", 22
"M", 345, "Oc", 22
"M", 345, "Oc", 22
"M", 345, "Oc", 22
"M", 345, "Oc", 22
"M", 345, "Oc", 22
"M", 345, "Li", 22
"C", 156, "Li", 22
"C", 156, "Li", 22
"C", 156, "Li", 22
"C", 156, "Oc", 22
"C", 156, "Oc", 22
"C", 156, "Oc", 22
"C", 156, "Oc", 22
"C", 156, "Oc", 22
"C", 156, "Oc", 22
"C", 156, "Oc", 22
"C", 156, "Li", 22
"C", 156, "Li", 22
"C", 156, "Li", 22
"C", 156, "Li", 22
"C", 156, "Li", 22
"C", 156, "Li", 22
"C", 156, "Li", 22
"C", 156, "Li", 22
"C", 156, "Li", 22
"C", 156, "Li", 22
"C", 156, "Li", 22
"C", 156, "Li", 22
"C", 156, "Li", 22
"C", 156, "Li", 22
"C", 156, "Oc", 22
"C", 156, "Oc", 22
"C", 156, "Oc", 22
"C", 156, "Oc", 22
"C", 156, "Oc", 22
"C", 156, "Oc", 22
"C", 156, "Oc", 22
"C", 156, "Li", 22
"C", 156, "Li", 22
"C", 156, "Li", 22
"C", 156, "Li", 22
"C", 156, "Li", 22
"C", 156, "Li", 22
"C", 156, "Li", 22
"C", 156, "Li", 22
"C", 156, "Li", 22
"C", 156, "Li", 22
"C", 156, "Li", 22
"C", 156, "Li", 22
"C", 156, "Oc", 22
"C", 156, "Oc", 22
"C", 156, "Oc", 22
"C", 156, "Oc", 22
"C", 156, "Oc", 22
"C", 156, "Oc", 22
"C", 156, "Oc", 22
"C", 156, "Oc", 22
"C", 156, "Oc", 22
"C", 156, "Oc", 22
"C", 156, "Oc", 22
"C", 156, "Oc", 22
"C", 156, "Oc", 22
"C", 156, "Oc", 22
"C", 156, "Oc", 22
"C", 156, "Oc", 22
"C", 156, "Oc", 22
"C", 156, "Oc", 22
"C", 156, "Oc", 22
"C", 156, "Oc", 22
"C", 156, "Oc", 22
"C", 156, "Li", 22
"C", 156, "Li", 22
"C", 156, "Li", 22
"C", 156, "Li", 22
"C", 156, "Li", 22
"C", 156, "Li", 22
"Lu", 212, "Oc", 23
"Lu", 212, "Oc", 23
"Lu", 212, "Oc", 23
"Lu", 212, "Oc", 23
"Lu", 212, "Li", 23
"Lu", 212, "Li", 23
"Lu", 212, "Li", 23
"Lu", 212, "Li", 23
"Lu", 212, "Li", 23
"Lu", 212, "Oc", 23
"Lu", 212, "Oc", 23
"Lu", 212, "Oc", 23
"Lu", 212, "Oc", 23
"Lu", 212, "Oc", 23
"Lu", 212, "Oc", 23
"Lu", 212, "Oc", 23
"Lu", 212, "Oc", 23
"Lu", 212, "Oc", 23
"Lu", 212, "Oc", 23
"M", 112, "Li", 23
"M", 112, "Li", 23
"M", 112, "Li", 23
"M", 112, "Li", 23
"M", 112, "Li", 23
"M", 112, "Li", 23
"M", 112, "Li", 23
"M", 112, "Li", 23
"M", 112, "Li", 23
"M", 112, "Li", 23
"M", 112, "Li", 23
"M", 112, "Oc", 23
"M", 112, "Oc", 23
"M", 112, "Oc", 23
"M", 112, "Oc", 23
"M", 112, "Oc", 23
"M", 112, "Oc", 23
"M", 112, "Oc", 23
"M", 112, "Oc", 23
"M", 112, "Oc", 23
"M", 112, "Oc", 23
"M", 112, "Oc", 23
"M", 112, "Oc", 23
"M", 112, "Oc", 23
"M", 112, "Oc", 23
"M", 112, "Oc", 23
"M", 112, "Oc", 23
"M", 112, "Oc", 23
"M", 112, "Oc", 23
"M", 112, "Li", 23
"M", 112, "Li", 23
"M", 112, "Li", 23
"M", 112, "Li", 23
"M", 112, "Li", 23
"M", 112, "Li", 23
"M", 112, "Li", 23
"M", 112, "Li", 23
"M", 112, "Li", 23
"C", 98, "Li", 23
"C", 98, "Li", 23
"C", 98, "Li", 23
"C", 98, "Li", 23
"C", 98, "Oc", 23
"C", 98, "Oc", 23
"C", 98, "Oc", 23
"C", 98, "Oc", 23
"C", 98, "Oc", 23
"C", 98, "Oc", 23
"C", 98, "Oc", 23
"C", 98, "Oc", 23
"C", 98, "Oc", 23
"C", 98, "Oc", 23
"C", 98, "Oc", 23
"C", 98, "Li", 23
"C", 98, "Li", 23
"C", 98, "Li", 23
"C", 98, "Li", 23
"C", 98, "Li", 23
"C", 98, "Li", 23
"C", 98, "Li", 23
"C", 98, "Li", 23
"C", 98, "Li", 23
"C", 98, "Li", 23
"C", 98, "Li", 23
"C", 98, "Li", 23
"C", 98, "Li", 23
"C", 98, "Li", 23
"C", 98, "Li", 23
"C", 98, "Li", 23
"C", 98, "Oc", 23
"C", 98, "Oc", 23
"C", 98, "Oc", 23
"C", 98, "Oc", 23
"C", 98, "Oc", 23
"C", 98, "Oc", 23
"C", 98, "Oc", 23
"C", 98, "Oc", 23
"C", 98, "Oc", 23
"C", 98, "Oc", 23
"C", 98, "Oc", 23
"C", 98, "Oc", 23
"C", 98, "Oc", 23
"C", 98, "Li", 23
"C", 98, "Li", 23
"C", 98, "Li", 23
"Lu", 163, "Oc", 24
"Lu", 163, "Oc", 24
"Lu", 163, "Oc", 24
"Lu", 163, "Li", 24
"Lu", 163, "Li", 24
"Lu", 163, "Li", 24
"Lu", 163, "Li", 24
"Lu", 163, "Li", 24
"Lu", 163, "Li", 24
"Lu", 163, "Li", 24
"Lu", 163, "Li", 24
"Lu", 163, "Li", 24
"Lu", 163, "Oc", 24
"Lu", 163, "Oc", 24
"Lu", 163, "Oc", 24
"Lu", 163, "Oc", 24
"Lu", 163, "Oc", 24
"Lu", 163, "Oc", 24
"Lu", 163, "Oc", 24
"Lu", 163, "Li", 24
"Lu", 163, "Li", 24
"Lu", 163, "Li", 24
"Lu", 163, "Li", 24
"Lu", 163, "Li", 24
"Lu", 163, "Li", 24
"Lu", 163, "Li", 24
"Lu", 163, "Li", 24
"Lu", 163, "Li", 24
"Lu", 163, "Li", 24
"Lu", 163, "Oc", 24
"Lu", 163, "Oc", 24
"Lu", 163, "Oc", 24
"Lu", 163, "Oc", 24
"Lu", 163, "Oc", 24
"Lu", 163, "Oc", 24
"Lu", 163, "Oc", 24
"Lu", 163, "Oc", 24
"Lu", 163, "Oc", 24
"M", 96, "Li", 24
"M", 96, "Li", 24
"M", 96, "Oc", 24
"M", 96, "Oc", 24
"M", 96, "Oc", 24
"M", 96, "Oc", 24
"M", 96, "Oc", 24
"M", 96, "Oc", 24
"M", 96, "Oc", 24
"M", 96, "Oc", 24
"M", 96, "Oc", 24
"M", 96, "Li", 24
"M", 96, "Li", 24
"M", 96, "Li", 24
"M", 96, "Li", 24
"M", 96, "Li", 24
"M", 96, "Li", 24
"M", 96, "Li", 24
"M", 96, "Li", 24
"M", 96, "Li", 24
"M", 96, "Li", 24
"M", 96, "Li", 24
"M", 96, "Li", 24
"M", 96, "Li", 24
"M", 96, "Li", 24
"M", 96, "Li", 24
"M", 96, "Li", 24
"M", 96, "Li", 24
"M", 96, "Li", 24
"M", 96, "Oc", 24
"M", 96, "Oc", 24
"M", 96, "Oc", 24
"M", 96, "Oc", 24
"M", 96, "Oc", 24
"M", 96, "Oc", 24
"M", 96, "Li", 24
"M", 96, "Li", 24
"M", 96, "Li", 24
"C", 54, "Oc", 24
"C", 54, "Oc", 24
"C", 54, "Oc", 24
"C", 54, "Oc", 24
"C", 54, "Oc", 24
"C", 54, "Oc", 24
"C", 54, "Oc", 24
"C", 54, "Oc", 24
"C", 54, "Oc", 24
"C", 54, "Oc", 24
"C", 54, "Li", 24
"C", 54, "Li", 24
"C", 54, "Li", 24
"C", 54, "Li", 24
"C", 54, "Li", 24
"C", 54, "Li", 24
"C", 54, "Li", 24
"C", 54, "Li", 24
"C", 54, "Oc", 24
"C", 54, "Oc", 24
"C", 54, "Oc", 24
"C", 54, "Oc", 24
"C", 54, "Oc", 24
"C", 54, "Oc", 24
"C", 54, "Oc", 24
"C", 54, "Oc", 24
"C", 54, "Oc", 24
"C", 54, "Oc", 24
"C", 54, "Oc", 24
"C", 54, "Oc", 24
"C", 54, "Oc", 24
"C", 54, "Oc", 24
"C", 54, "Oc", 24
"C", 54, "Oc", 24
"C", 54, "Oc", 24
"C", 54, "Li", 24
"C", 54, "Li", 24
"C", 54, "Li", 24
"C", 54, "Li", 24
"C", 54, "Li", 24
"C", 54, "Li", 24
"C", 54, "Li", 24
"C", 54, "Oc", 24
"Lu", 522, "Li", 25
"Lu", 522, "Oc", 25
"Lu", 522, "Oc", 25
"Lu", 522, "Oc", 25
"Lu", 522, "Oc", 25
"Lu", 522, "Oc", 25
"Lu", 522, "Oc", 25
"Lu", 522, "Oc", 25
"Lu", 522, "Oc", 25
"Lu", 522, "Oc", 25
"Lu", 522, "Li", 25
"Lu", 522, "Li", 25
"Lu", 522, "Li", 25
"Lu", 522, "Li", 25
"Lu", 522, "Li", 25
"Lu", 522, "Li", 25
"Lu", 522, "Li", 25
"Lu", 522, "Li", 25
"Lu", 522, "Li", 25
"Lu", 522, "Li", 25
"Lu", 522, "Li", 25
"Lu", 522, "Li", 25
"Lu", 522, "Li", 25
"Lu", 522, "Li", 25
"Lu", 522, "Li", 25
"Lu", 522, "Li", 25
"Lu", 522, "Oc", 25
"Lu", 522, "Oc", 25
"Lu", 522, "Oc", 25
"Lu", 522, "Oc", 25
"Lu", 522, "Oc", 25
"Lu", 522, "Oc", 25
"Lu", 522, "Oc", 25
"Lu", 522, "Li", 25
"Lu", 522, "Li", 25
"Lu", 522, "Li", 25
"Lu", 522, "Li", 25
"Lu", 522, "Li", 25
"Lu", 522, "Oc", 25
"Lu", 522, "Oc", 25
"Lu", 522, "Oc", 25
"Lu", 522, "Oc", 25
"Lu", 522, "Oc", 25
"Lu", 522, "Li", 25
"M", 234, "Li", 25
"M", 234, "Li", 25
"M", 234, "Li", 25
"M", 234, "Li", 25
"M", 234, "Li", 25
"M", 234, "Li", 25
"M", 234, "Li", 25
"M", 234, "Oc", 25
"M", 234, "Oc", 25
"M", 234, "Oc", 25
"M", 234, "Oc", 25
"M", 234, "Oc", 25
"M", 234, "Oc", 25
"M", 234, "Oc", 25
"M", 234, "Oc", 25
"M", 234, "Oc", 25
"M", 234, "Oc", 25
"M", 234, "Oc", 25
"M", 234, "Oc", 25
"M", 234, "Oc", 25
"M", 234, "Li", 25
"M", 234, "Li", 25
"M", 234, "Li", 25
"M", 234, "Li", 25
"M", 234, "Li", 25
"M", 234, "Li", 25
"M", 234, "Li", 25
"M", 234, "Li", 25
"M", 234, "Li", 25
"M", 234, "Oc", 25
"M", 234, "Oc", 25
"M", 234, "Oc", 25
"M", 234, "Oc", 25
"M", 234, "Oc", 25
"M", 234, "Oc", 25
"M", 234, "Oc", 25
"M", 234, "Oc", 25
"M", 234, "Oc", 25
"M", 234, "Li", 25
"M", 234, "Li", 25
"C", 143, "Oc", 25
"C", 143, "Oc", 25
"C", 143, "Oc", 25
"C", 143, "Li", 25
"C", 143, "Li", 25
"C", 143, "Li", 25
"C", 143, "Li", 25
"C", 143, "Li", 25
"C", 143, "Li", 25
"C", 143, "Oc", 25
"C", 143, "Oc", 25
"C", 143, "Oc", 25
"C", 143, "Oc", 25
"C", 143, "Oc", 25
"C", 143, "Oc", 25
"C", 143, "Oc", 25
"C", 143, "Oc", 25
"C", 143, "Oc", 25
"C", 143, "Oc", 25
"C", 143, "Oc", 25
"C", 143, "Oc", 25
"C", 143, "Oc", 25
"C", 143, "Oc", 25
"C", 143, "Oc", 25
"C", 143, "Li", 25
"C", 143, "Li", 25
"C", 143, "Li", 25
"C", 143, "Li", 25
"C", 143, "Li", 25
"C", 143, "Li", 25
"C", 143, "Li", 25
"C", 143, "Li", 25
"C", 143, "Li", 25
"C", 143, "Li", 25
"C", 143, "Oc", 25
"C", 143, "Oc", 25
"C", 143, "Oc", 25
"C", 143, "Oc", 25
"C", 143, "Oc", 25
"C", 143, "Oc", 25
"C", 143, "Oc", 25
"C", 143, "Oc", 25
"C", 143, "Oc", 25
"C", 143, "Li", 25
"C", 143, "Li", 25
"C", 143, "Li", 25
"C", 143, "Li", 25
"C", 143, "Li", 25
"C", 143, "Li", 25
"C", 143, "Oc", 25
"Lu", 168, "Li", 26
"Lu", 168, "Oc", 26
"Lu", 168, "Oc", 26
"Lu", 168, "Oc", 26
"Lu", 168, "Oc", 26
"Lu", 168, "Oc", 26
"Lu", 168, "Oc", 26
"Lu", 168, "Oc", 26
"Lu", 168, "Oc", 26
"Lu", 168, "Oc", 26
"Lu", 168, "Oc", 26
"Lu", 168, "Oc", 26
"Lu", 168, "Li", 26
"Lu", 168, "Li", 26
"Lu", 168, "Li", 26
"Lu", 168, "Oc", 26
"Lu", 168, "Oc", 26
"Lu", 168, "Oc", 26
"Lu", 168, "Oc", 26
"Lu", 168, "Oc", 26
"Lu", 168, "Oc", 26
"Lu", 168, "Oc", 26
"Lu", 168, "Oc", 26
"Lu", 168, "Oc", 26
"Lu", 168, "Oc", 26
"Lu", 168, "Oc", 26
"Lu", 168, "Li", 26
"Lu", 168, "Li", 26
"Lu", 168, "Li", 26
"Lu", 168, "Li", 26
"Lu", 168, "Li", 26
"Lu", 168, "Li", 26
"Lu", 168, "Li", 26
"Lu", 168, "Li", 26
"Lu", 168, "Li", 26
"Lu", 168, "Li", 26
"Lu", 168, "Li", 26
"M", 100, "Oc", 26
"M", 100, "Li", 26
"M", 100, "Li", 26
"M", 100, "Li", 26
"M", 100, "Li", 26
"M", 100, "Li", 26
"M", 100, "Li", 26
"M", 100, "Li", 26
"M", 100, "Li", 26
"M", 100, "Oc", 26
"M", 100, "Oc", 26
"M", 100, "Oc", 26
"M", 100, "Oc", 26
"M", 100, "Oc", 26
"M", 100, "Oc", 26
"M", 100, "Oc", 26
"M", 100, "Oc", 26
"M", 100, "Oc", 26
"M", 100, "Oc", 26
"M", 100, "Oc", 26
"M", 100, "Oc", 26
"M", 100, "Oc", 26
"M", 100, "Li", 26
"M", 100, "Li", 26
"M", 100, "Li", 26
"M", 100, "Li", 26
"M", 100, "Li", 26
"M", 100, "Li", 26
"M", 100, "Li", 26
"M", 100, "Li", 26
"M", 100, "Li", 26
"M", 100, "Li", 26
"M", 100, "Li", 26
"M", 100, "Oc", 26
"M", 100, "Oc", 26
"M", 100, "Oc", 26
"M", 100, "Oc", 26
"C", 76, "Li", 26
"C", 76, "Li", 26
"C", 76, "Li", 26
"C", 76, "Oc", 26
"C", 76, "Oc", 26
"C", 76, "Oc", 26
"C", 76, "Oc", 26
"C", 76, "Oc", 26
"C", 76, "Oc", 26
"C", 76, "Oc", 26
"C", 76, "Oc", 26
"C", 76, "Oc", 26
"C", 76, "Oc", 26
"C", 76, "Oc", 26
"C", 76, "Li", 26
"C", 76, "Li", 26
"C", 76, "Oc", 26
"C", 76, "Oc", 26
"C", 76, "Oc", 26
"C", 76, "Oc", 26
"C", 76, "Oc", 26
"C", 76, "Oc", 26
"C", 76, "Oc", 26
"C", 76, "Oc", 26
"C", 76, "Oc", 26
"C", 76, "Oc", 26
"C", 76, "Li", 26
"C", 76, "Li", 26
"C", 76, "Li", 26
"C", 76, "Li", 26
"C", 76, "Li", 26
"C", 76, "Li", 26
"C", 76, "Li", 26
"C", 76, "Oc", 26
"C", 76, "Oc", 26
"C", 76, "Oc", 26
"C", 76, "Oc", 26
"C", 76, "Oc", 26
"C", 76, "Oc", 26
"C", 76, "Oc", 26
"C", 76, "Oc", 26
"C", 76, "Oc", 26
"C", 76, "Oc", 26
"C", 76, "Oc", 26
"C", 76, "Oc", 26
"Lu", 234, "Li", 27
"Lu", 234, "Li", 27
"Lu", 234, "Li", 27
"Lu", 234, "Li", 27
"Lu", 234, "Li", 27
"Lu", 234, "Oc", 27
"Lu", 234, "Oc", 27
"Lu", 234, "Oc", 27
"Lu", 234, "Oc", 27
"Lu", 234, "Oc", 27
"Lu", 234, "Oc", 27
"Lu", 234, "Oc", 27
"Lu", 234, "Oc", 27
"Lu", 234, "Oc", 27
"Lu", 234, "Oc", 27
"Lu", 234, "Oc", 27
"Lu", 234, "Oc", 27
"Lu", 234, "Oc", 27
"Lu", 234, "Oc", 27
"Lu", 234, "Oc", 27
"Lu", 234, "Oc", 27
"Lu", 234, "Li", 27
"Lu", 234, "Li", 27
"Lu", 234, "Oc", 27
"Lu", 234, "Oc", 27
"Lu", 234, "Oc", 27
"Lu", 234, "Oc", 27
"Lu", 234, "Oc", 27
"Lu", 234, "Oc", 27
"Lu", 234, "Oc", 27
"Lu", 234, "Oc", 27
"Lu", 234, "Oc", 27
"Lu", 234, "Oc", 27
"Lu", 234, "Oc", 27
"Lu", 234, "Oc", 27
"Lu", 234, "Oc", 27
"Lu", 234, "Oc", 27
"Lu", 234, "Li", 27
"Lu", 234, "Li", 27
"Lu", 234, "Oc", 27
"Lu", 234, "Oc", 27
"Lu", 234, "Oc", 27
"Lu", 234, "Oc", 27
"Lu", 234, "Oc", 27
"Lu", 234, "Oc", 27
"Lu", 234, "Oc", 27
"Lu", 234, "Oc", 27
"Lu", 234, "Oc", 27
"Lu", 234, "Li", 27
"Lu", 234, "Li", 27
"Lu", 234, "Li", 27
"M", 125, "Oc", 27
"M", 125, "Oc", 27
"M", 125, "Oc", 27
"M", 125, "Li", 27
"M", 125, "Li", 27
"M", 125, "Li", 27
"M", 125, "Li", 27
"M", 125, "Li", 27
"M", 125, "Li", 27
"M", 125, "Li", 27
"M", 125, "Li", 27
"M", 125, "Li", 27
"M", 125, "Oc", 27
"M", 125, "Oc", 27
"M", 125, "Oc", 27
"M", 125, "Oc", 27
"M", 125, "Oc", 27
"M", 125, "Oc", 27
"M", 125, "Li", 27
"M", 125, "Li", 27
"M", 125, "Li", 27
"M", 125, "Li", 27
"M", 125, "Li", 27
"M", 125, "Li", 27
"M", 125, "Li", 27
"M", 125, "Li", 27
"M", 125, "Li", 27
"M", 125, "Li", 27
"M", 125, "Li", 27
"M", 125, "Oc", 27
"M", 125, "Oc", 27
"M", 125, "Oc", 27
"M", 125, "Oc", 27
"M", 125, "Oc", 27
"M", 125, "Oc", 27
"M", 125, "Li", 27
"M", 125, "Li", 27
"M", 125, "Li", 27
"M", 125, "Li", 27
"M", 125, "Li", 27
"M", 125, "Li", 27
"M", 125, "Li", 27
"M", 125, "Li", 27
"M", 125, "Oc", 27
"M", 125, "Oc", 27
"M", 125, "Oc", 27
"C", 69, "Li", 27
"C", 69, "Li", 27
"C", 69, "Li", 27
"C", 69, "Oc", 27
"C", 69, "Oc", 27
"C", 69, "Oc", 27
"C", 69, "Oc", 27
"C", 69, "Oc", 27
"C", 69, "Oc", 27
"C", 69, "Oc", 27
"C", 69, "Oc", 27
"C", 69, "Oc", 27
"C", 69, "Oc", 27
"C", 69, "Oc", 27
"C", 69, "Li", 27
"C", 69, "Li", 27
"C", 69, "Oc", 27
"C", 69, "Oc", 27
"C", 69, "Oc", 27
"C", 69, "Oc", 27
"C", 69, "Oc", 27
"C", 69, "Oc", 27
"C", 69, "Oc", 27
"C", 69, "Oc", 27
"C", 69, "Oc", 27
"C", 69, "Oc", 27
"C", 69, "Oc", 27
"C", 69, "Li", 27
"C", 69, "Li", 27
"C", 69, "Li", 27
"C", 69, "Li", 27
"C", 69, "Li", 27
"C", 69, "Li", 27
"C", 69, "Li", 27
"C", 69, "Li", 27
"C", 69, "Li", 27
"C", 69, "Oc", 27
"C", 69, "Oc", 27
"C", 69, "Oc", 27
"C", 69, "Oc", 27
"C", 69, "Oc", 27
"C", 69, "Oc", 27
"C", 69, "Oc", 27
"C", 69, "Li", 27
"Lu", 520, "Li", 28
"Lu", 520, "Li", 28
"Lu", 520, "Li", 28
"Lu", 520, "Li", 28
"Lu", 520, "Oc", 28
"Lu", 520, "Oc", 28
"Lu", 520, "Oc", 28
"Lu", 520, "Oc", 28
"Lu", 520, "Oc", 28
"Lu", 520, "Oc", 28
"Lu", 520, "Oc", 28
"Lu", 520, "Oc", 28
"Lu", 520, "Oc", 28
"Lu", 520, "Oc", 28
"Lu", 520, "Oc", 28
"Lu", 520, "Oc", 28
"Lu", 520, "Oc", 28
"Lu", 520, "Oc", 28
"Lu", 520, "Oc", 28
"Lu", 520, "Li", 28
"Lu", 520, "Li", 28
"Lu", 520, "Li", 28
"Lu", 520, "Li", 28
"Lu", 520, "Li", 28
"Lu", 520, "Li", 28
"Lu", 520, "Li", 28
"Lu", 520, "Li", 28
"Lu", 520, "Li", 28
"Lu", 520, "Li", 28
"Lu", 520, "Li", 28
"Lu", 520, "Li", 28
"Lu", 520, "Li", 28
"Lu", 520, "Oc", 28
"Lu", 520, "Oc", 28
"Lu", 520, "Oc", 28
"Lu", 520, "Oc", 28
"Lu", 520, "Oc", 28
"Lu", 520, "Oc", 28
"Lu", 520, "Oc", 28
"Lu", 520, "Oc", 28
"Lu", 520, "Oc", 28
"Lu", 520, "Oc", 28
"Lu", 520, "Li", 28
"M", 260, "Oc", 28
"M", 260, "Li", 28
"M", 260, "Li", 28
"M", 260, "Li", 28
"M", 260, "Li", 28
"M", 260, "Li", 28
"M", 260, "Li", 28
"M", 260, "Li", 28
"M", 260, "Li", 28
"M", 260, "Li", 28
"M", 260, "Li", 28
"M", 260, "Li", 28
"M", 260, "Li", 28
"M", 260, "Oc", 28
"M", 260, "Oc", 28
"M", 260, "Oc", 28
"M", 260, "Oc", 28
"M", 260, "Oc", 28
"M", 260, "Oc", 28
"M", 260, "Oc", 28
"M", 260, "Oc", 28
"M", 260, "Oc", 28
"M", 260, "Oc", 28
"M", 260, "Oc", 28
"M", 260, "Oc", 28
"M", 260, "Oc", 28
"M", 260, "Li", 28
"M", 260, "Li", 28
"M", 260, "Li", 28
"M", 260, "Li", 28
"M", 260, "Li", 28
"M", 260, "Li", 28
"M", 260, "Li", 28
"M", 260, "Li", 28
"M", 260, "Li", 28
"M", 260, "Li", 28
"M", 260, "Li", 28
"M", 260, "Li", 28
"M", 260, "Oc", 28
"M", 260, "Oc", 28
"M", 260, "Oc", 28
"M", 260, "Oc", 28
"M", 260, "Oc", 28
"M", 260, "Oc", 28
"C", 132, "Li", 28
"C", 132, "Li", 28
"C", 132, "Li", 28
"C", 132, "Li", 28
"C", 132, "Li", 28
"C", 132, "Li", 28
"C", 132, "Oc", 28
"C", 132, "Oc", 28
"C", 132, "Oc", 28
"C", 132, "Oc", 28
"C", 132, "Oc", 28
"C", 132, "Oc", 28
"C", 132, "Oc", 28
"C", 132, "Oc", 28
"C", 132, "Oc", 28
"C", 132, "Oc", 28
"C", 132, "Oc", 28
"C", 132, "Oc", 28
"C", 132, "Oc", 28
"C", 132, "Oc", 28
"C", 132, "Oc", 28
"C", 132, "Li", 28
"C", 132, "Li", 28
"C", 132, "Li", 28
"C", 132, "Li", 28
"C", 132, "Li", 28
"C", 132, "Li", 28
"C", 132, "Li", 28
"C", 132, "Li", 28
"C", 132, "Li", 28
"C", 132, "Li", 28
"C", 132, "Li", 28
"C", 132, "Li", 28
"C", 132, "Li", 28
"C", 132, "Li", 28
"C", 132, "Li", 28
"C", 132, "Li", 28
"C", 132, "Li", 28
"C", 132, "Oc", 28
"C", 132, "Oc", 28
"C", 132, "Oc", 28
"C", 132, "Oc", 28
"C", 132, "Oc", 28
"C", 132, "Oc", 28
"C", 132, "Oc", 28
"Lu", 178, "Oc", 29
"Lu", 178, "Li", 29
"Lu", 178, "Li", 29
"Lu", 178, "Li", 29
"Lu", 178, "Li", 29
"Lu", 178, "Li", 29
"Lu", 178, "Li", 29
"Lu", 178, "Li", 29
"Lu", 178, "Oc", 29
"Lu", 178, "Oc", 29
"Lu", 178, "Oc", 29
"Lu", 178, "Oc", 29
"Lu", 178, "Oc", 29
"Lu", 178, "Li", 29
"Lu", 178, "Li", 29
"Lu", 178, "Li", 29
"Lu", 178, "Li", 29
"Lu", 178, "Li", 29
"Lu", 178, "Li", 29
"Lu", 178, "Li", 29
"Lu", 178, "Li", 29
"Lu", 178, "Li", 29
"Lu", 178, "Oc", 29
"Lu", 178, "Oc", 29
"Lu", 178, "Oc", 29
"Lu", 178, "Oc", 29
"Lu", 178, "Oc", 29
"Lu", 178, "Oc", 29
"Lu", 178, "Oc", 29
"Lu", 178, "Oc", 29
"Lu", 178, "Oc", 29
"Lu", 178, "Li", 29
"Lu", 178, "Li", 29
"Lu", 178, "Li", 29
"Lu", 178, "Li", 29
"Lu", 178, "Li", 29
"Lu", 178, "Li", 29
"Lu", 178, "Oc", 29
"Lu", 178, "Oc", 29
"M", 98, "Li", 29
"M", 98, "Oc", 29
"M", 98, "Oc", 29
"M", 98, "Oc", 29
"M", 98, "Oc", 29
"M", 98, "Oc", 29
"M", 98, "Oc", 29
"M", 98, "Oc", 29
"M", 98, "Oc", 29
"M", 98, "Oc", 29
"M", 98, "Oc", 29
"M", 98, "Oc", 29
"M", 98, "Oc", 29
"M", 98, "Li", 29
"M", 98, "Li", 29
"M", 98, "Li", 29
"M", 98, "Li", 29
"M", 98, "Li", 29
"M", 98, "Li", 29
"M", 98, "Li", 29
"M", 98, "Li", 29
"M", 98, "Oc", 29
"M", 98, "Oc", 29
"M", 98, "Oc", 29
"M", 98, "Oc", 29
"M", 98, "Oc", 29
"M", 98, "Oc", 29
"M", 98, "Oc", 29
"M", 98, "Oc", 29
"M", 98, "Oc", 29
"M", 98, "Oc", 29
"M", 98, "Li", 29
"M", 98, "Li", 29
"C", 42, "Oc", 29
"C", 42, "Oc", 29
"C", 42, "Oc", 29
"C", 42, "Li", 29
"C", 42, "Li", 29
"C", 42, "Li", 29
"C", 42, "Li", 29
"C", 42, "Li", 29
"C", 42, "Li", 29
"C", 42, "Li", 29
"C", 42, "Li", 29
"C", 42, "Li", 29
"C", 42, "Li", 29
"C", 42, "Li", 29
"C", 42, "Li", 29
"C", 42, "Oc", 29
"C", 42, "Oc", 29
"C", 42, "Oc", 29
"C", 42, "Oc", 29
"C", 42, "Oc", 29
"C", 42, "Oc", 29
"C", 42, "Oc", 29
"C", 42, "Oc", 29
"C", 42, "Oc", 29
"C", 42, "Oc", 29
"C", 42, "Oc", 29
"C", 42, "Li", 29
"C", 42, "Li", 29
"C", 42, "Li", 29
"C", 42, "Li", 29
"C", 42, "Li", 29
"C", 42, "Li", 29
"C", 42, "Li", 29
"C", 42, "Oc", 29
"C", 42, "Oc", 29
"C", 42, "Oc", 29
"C", 42, "Oc", 29
"C", 42, "Oc", 29
"Lu", 206, "Li", 30
"Lu", 206, "Li", 30
"Lu", 206, "Li", 30
"Lu", 206, "Li", 30
"Lu", 206, "Li", 30
"Lu", 206, "Oc", 30
"Lu", 206, "Oc", 30
"Lu", 206, "Oc", 30
"Lu", 206, "Oc", 30
"Lu", 206, "Oc", 30
"Lu", 206, "Oc", 30
"Lu", 206, "Oc", 30
"Lu", 206, "Oc", 30
"Lu", 206, "Oc", 30
"Lu", 206, "Oc", 30
"Lu", 206, "Li", 30
"Lu", 206, "Li", 30
"Lu", 206, "Li", 30
"Lu", 206, "Li", 30
"Lu", 206, "Li", 30
"Lu", 206, "Li", 30
"Lu", 206, "Li", 30
"Lu", 206, "Li", 30
"Lu", 206, "Li", 30
"Lu", 206, "Li", 30
"Lu", 206, "Li", 30
"Lu", 206, "Oc", 30
"Lu", 206, "Oc", 30
"Lu", 206, "Oc", 30
"Lu", 206, "Oc", 30
"Lu", 206, "Oc", 30
"Lu", 206, "Oc", 30
"Lu", 206, "Oc", 30
"Lu", 206, "Li", 30
"Lu", 206, "Li", 30
"Lu", 206, "Li", 30
"Lu", 206, "Li", 30
"Lu", 206, "Li", 30
"Lu", 206, "Li", 30
"Lu", 206, "Li", 30
"Lu", 206, "Li", 30
"Lu", 206, "Li", 30
"Lu", 206, "Li", 30
"M", 164, "Oc", 30
"M", 164, "Oc", 30
"M", 164, "Oc", 30
"M", 164, "Li", 30
"M", 164, "Li", 30
"M", 164, "Li", 30
"M", 164, "Li", 30
"M", 164, "Li", 30
"M", 164, "Li", 30
"M", 164, "Oc", 30
"M", 164, "Oc", 30
"M", 164, "Oc", 30
"M", 164, "Oc", 30
"M", 164, "Oc", 30
"M", 164, "Oc", 30
"M", 164, "Oc", 30
"M", 164, "Oc", 30
"M", 164, "Oc", 30
"M", 164, "Oc", 30
"M", 164, "Oc", 30
"M", 164, "Li", 30
"M", 164, "Li", 30
"M", 164, "Li", 30
"M", 164, "Li", 30
"M", 164, "Li", 30
"M", 164, "Li", 30
"M", 164, "Li", 30
"M", 164, "Li", 30
"M", 164, "Oc", 30
"M", 164, "Oc", 30
"M", 164, "Oc", 30
"M", 164, "Oc", 30
"M", 164, "Oc", 30
"M", 164, "Oc", 30
"M", 164, "Oc", 30
"M", 164, "Oc", 30
"M", 164, "Li", 30
"M", 164, "Li", 30
"C", 112, "Li", 30
"C", 112, "Li", 30
"C", 112, "Li", 30
"C", 112, "Li", 30
"C", 112, "Li", 30
"C", 112, "Li", 30
"C", 112, "Li", 30
"C", 112, "Li", 30
"C", 112, "Oc", 30
"C", 112, "Oc", 30
"C", 112, "Oc", 30
"C", 112, "Oc", 30
"C", 112, "Oc", 30
"C", 112, "Oc", 30
"C", 112, "Li", 30
"C", 112, "Li", 30
"C", 112, "Li", 30
"C", 112, "Li", 30
"C", 112, "Li", 30
"C", 112, "Li", 30
"C", 112, "Li", 30
"C", 112, "Li", 30
"C", 112, "Li", 30
"C", 112, "Oc", 30
"C", 112, "Oc", 30
"C", 112, "Oc", 30
"C", 112, "Oc", 30
"C", 112, "Oc", 30
"C", 112, "Oc", 30
"C", 112, "Oc", 30
"C", 112, "Oc", 30
"C", 112, "Li", 30
"C", 112, "Li", 30
"C", 112, "Li", 30
"C", 112, "Li", 30
"C", 112, "Li", 30
"C", 112, "Oc", 30
"C", 112, "Oc", 30
"Lu", 342, "Oc", 31
"Lu", 342, "Oc", 31
"Lu", 342, "Oc", 31
"Lu", 342, "Oc", 31
"Lu", 342, "Oc", 31
"Lu", 342, "Oc", 31
"Lu", 342, "Oc", 31
"Lu", 342, "Oc", 31
"Lu", 342, "Oc", 31
"Lu", 342, "Oc", 31
"Lu", 342, "Oc", 31
"Lu", 342, "Oc", 31
"Lu", 342, "Oc", 31
"Lu", 342, "Oc", 31
"Lu", 342, "Oc", 31
"Lu", 342, "Oc", 31
"Lu", 342, "Oc", 31
"Lu", 342, "Oc", 31
"Lu", 342, "Oc", 31
"Lu", 342, "Oc", 31
"Lu", 342, "Oc", 31
"Lu", 342, "Oc", 31
"Lu", 342, "Oc", 31
"Lu", 342, "Oc", 31
"Lu", 342, "Oc", 31
"Lu", 342, "Oc", 31
"Lu", 342, "Oc", 31
"Lu", 342, "Oc", 31
"Lu", 342, "Oc", 31
"Lu", 342, "Oc", 31
"Lu", 342, "Oc", 31
"Lu", 342, "Oc", 31
"M", 189, "Oc", 31
"M", 189, "Oc", 31
"M", 189, "Oc", 31
"M", 189, "Oc", 31
"M", 189, "Oc", 31
"M", 189, "Oc", 31
"M", 189, "Oc", 31
"M", 189, "Oc", 31
"M", 189, "Oc", 31
"M", 189, "Oc", 31
"M", 189, "Oc", 31
"M", 189, "Oc", 31
"M", 189, "Oc", 31
"M", 189, "Oc", 31
"M", 189, "Oc", 31
"M", 189, "Oc", 31
"M", 189, "Oc", 31
"M", 189, "Oc", 31
"M", 189, "Oc", 31
"M", 189, "Oc", 31
"M", 189, "Oc", 31
"M", 189, "Oc", 31
"M", 189, "Oc", 31
"M", 189, "Oc", 31
"M", 189, "Oc", 31
"M", 189, "Oc", 31
"M", 189, "Oc", 31
"M", 189, "Oc", 31
"M", 189, "Oc", 31
"M", 189, "Oc", 31
"M", 189, "Oc", 31
"M", 189, "Oc", 31
"C", 88, "Oc", 31
"C", 88, "Oc", 31
"C", 88, "Oc", 31
"C", 88, "Oc", 31
"C", 88, "Oc", 31
"C", 88, "Oc", 31
"C", 88, "Oc", 31
"C", 88, "Oc", 31
"C", 88, "Oc", 31
"C", 88, "Oc", 31
"C", 88, "Oc", 31
"C", 88, "Oc", 31
"C", 88, "Oc", 31
"C", 88, "Oc", 31
"C", 88, "Oc", 31
"C", 88, "Oc", 31
"C", 88, "Oc", 31
"C", 88, "Oc", 31
"C", 88, "Oc", 31
"C", 88, "Oc", 31
"C", 88, "Oc", 31
"C", 88, "Oc", 31
"C", 88, "Oc", 31
"C", 88, "Oc", 31
"C", 88, "Oc", 31
"C", 88, "Oc", 31
"C", 88, "Oc", 31
"C", 88, "Oc", 31
"C", 88, "Oc", 31
"C", 88, "Oc", 31
"C", 88, "Oc", 31
"C", 88, "Oc", 31
"C", 88, "Oc", 31
"C", 88, "Oc", 31
"C", 88, "Oc", 31
"C", 88, "Oc", 31
"C", 88, "Oc", 31
"C", 88, "Oc", 31
"C", 88, "Oc", 31
"C", 88, "Oc", 31
"C", 88, "Oc", 31
"C", 88, "Oc", 31
"C", 88, "Oc", 31
"C", 88, "Oc", 31
"C", 88, "Oc", 31
"C", 88, "Oc", 31
"C", 88, "Oc", 31
"C", 88, "Oc", 31
"C", 88, "Oc", 31
"C", 88, "Oc", 31
"C", 88, "Oc", 31
"C", 88, "Oc", 31
"C", 88, "Oc", 31
"C", 88, "Oc", 31
"C", 88, "Oc", 31
"C", 88, "Oc", 31
"C", 88, "Oc", 31
"C", 88, "Oc", 31
"C", 88, "Oc", 31
"C", 88, "Oc", 31
"C", 88, "Oc", 31
"C", 88, "Oc", 31
"C", 88, "Oc", 31
"C", 88, "Oc", 31
"C", 88, "Oc", 31
"C", 88, "Oc", 31
"C", 88, "Oc", 31
"C", 88, "Oc", 31
"C", 88, "Oc", 31
"C", 88, "Oc", 31
"C", 88, "Oc", 31
"C", 88, "Oc", 31
"C", 88, "Oc", 31
"C", 88, "Oc", 31
"C", 88, "Oc", 31
"C", 88, "Oc", 31
"C", 88, "Oc", 31
"C", 88, "Oc", 31
"C", 88, "Oc", 31
"C", 88, "Oc", 31
"C", 88, "Oc", 31
"C", 88, "Oc", 31
"C", 88, "Oc", 31
"C", 88, "Oc", 31
"C", 88, "Oc", 31
"C", 88, "Oc", 31
"C", 88, "Oc", 31
"C", 88, "Oc", 31
"C", 88, "Oc", 31
"C", 88, "Oc", 31
"Lu", 420, "Oc", 32
"Lu", 420, "Oc", 32
"Lu", 420, "Oc", 32
"Lu", 420, "Li", 32
"Lu", 420, "Li", 32
"Lu", 420, "Li", 32
"Lu", 420, "Li", 32
"Lu", 420, "Li", 32
"Lu", 420, "Li", 32
"Lu", 420, "Li", 32
"Lu", 420, "Li", 32
"Lu", 420, "Oc", 32
"Lu", 420, "Oc", 32
"Lu", 420, "Oc", 32
"Lu", 420, "Oc", 32
"Lu", 420, "Oc", 32
"Lu", 420, "Oc", 32
"Lu", 420, "Oc", 32
"Lu", 420, "Oc", 32
"Lu", 420, "Oc", 32
"Lu", 420, "Oc", 32
"Lu", 420, "Oc", 32
"Lu", 420, "Oc", 32
"Lu", 420, "Oc", 32
"Lu", 420, "Li", 32
"Lu", 420, "Li", 32
"Lu", 420, "Li", 32
"Lu", 420, "Li", 32
"Lu", 420, "Li", 32
"Lu", 420, "Li", 32
"Lu", 420, "Li", 32
"Lu", 420, "Li", 32
"Lu", 420, "Oc", 32
"Lu", 420, "Oc", 32
"Lu", 420, "Oc", 32
"Lu", 420, "Oc", 32
"Lu", 420, "Oc", 32
"Lu", 420, "Oc", 32
"Lu", 420, "Oc", 32
"M", 303, "Oc", 32
"M", 303, "Oc", 32
"M", 303, "Oc", 32
"M", 303, "Oc", 32
"M", 303, "Oc", 32
"M", 303, "Oc", 32
"M", 303, "Oc", 32
"M", 303, "Oc", 32
"M", 303, "Oc", 32
"M", 303, "Li", 32
"M", 303, "Li", 32
"M", 303, "Li", 32
"M", 303, "Li", 32
"M", 303, "Li", 32
"M", 303, "Li", 32
"M", 303, "Li", 32
"M", 303, "Li", 32
"M", 303, "Li", 32
"M", 303, "Li", 32
"M", 303, "Li", 32
"M", 303, "Li", 32
"M", 303, "Li", 32
"M", 303, "Li", 32
"M", 303, "Oc", 32
"M", 303, "Oc", 32
"M", 303, "Oc", 32
"M", 303, "Oc", 32
"M", 303, "Oc", 32
"M", 303, "Oc", 32
"M", 303, "Oc", 32
"M", 303, "Oc", 32
"M", 303, "Oc", 32
"M", 303, "Oc", 32
"M", 303, "Oc", 32
"M", 303, "Oc", 32
"M", 303, "Oc", 32
"M", 303, "Li", 32
"M", 303, "Li", 32
"M", 303, "Li", 32
"M", 303, "Li", 32
"M", 303, "Li", 32
"M", 303, "Li", 32
"M", 303, "Li", 32
"M", 303, "Oc", 32
"M", 303, "Oc", 32
"M", 303, "Oc", 32
"M", 303, "Oc", 32
"M", 303, "Oc", 32
"M", 303, "Oc", 32
"M", 303, "Oc", 32
"M", 303, "Li", 32
"M", 303, "Li", 32
"M", 303, "Li", 32
"M", 303, "Li", 32
"C", 198, "Li", 32
"C", 198, "Li", 32
"C", 198, "Oc", 32
"C", 198, "Oc", 32
"C", 198, "Oc", 32
"C", 198, "Oc", 32
"C", 198, "Oc", 32
"C", 198, "Oc", 32
"C", 198, "Oc", 32
"C", 198, "Oc", 32
"C", 198, "Oc", 32
"C", 198, "Oc", 32
"C", 198, "Oc", 32
"C", 198, "Oc", 32
"C", 198, "Oc", 32
"C", 198, "Oc", 32
"C", 198, "Oc", 32
"C", 198, "Oc", 32
"C", 198, "Oc", 32
"C", 198, "Li", 32
"C", 198, "Li", 32
"C", 198, "Li", 32
"C", 198, "Li", 32
"C", 198, "Li", 32
"C", 198, "Li", 32
"C", 198, "Li", 32
"C", 198, "Li", 32
"C", 198, "Li", 32
"C", 198, "Li", 32
"C", 198, "Li", 32
"C", 198, "Li", 32
"C", 198, "Li", 32
"C", 198, "Li", 32
"C", 198, "Li", 32
"C", 198, "Li", 32
"C", 198, "Li", 32
"C", 198, "Oc", 32
"C", 198, "Oc", 32
"C", 198, "Oc", 32
"C", 198, "Oc", 32
"C", 198, "Oc", 32
"C", 198, "Oc", 32
"C", 198, "Oc", 32
"C", 198, "Oc", 32
"C", 198, "Oc", 32
"C", 198, "Oc", 32
"C", 198, "Oc", 32
"C", 198, "Li", 32
"C", 198, "Li", 32
"C", 198, "Li", 32
"C", 198, "Li", 32
"C", 198, "Li", 32
"C", 198, "Li", 32
"C", 198, "Li", 32
"C", 198, "Li", 32
"C", 198, "Li", 32
"C", 198, "Li", 32
"C", 198, "Li", 32
"C", 198, "Li", 32
"C", 198, "Li", 32
"C", 198, "Li", 32
"C", 198, "Oc", 32
"C", 198, "Oc", 32
"C", 198, "Oc", 32
"C", 198, "Oc", 32
"C", 198, "Oc", 32
"C", 198, "Oc", 32
"C", 198, "Li", 32
"C", 198, "Li", 32
"C", 198, "Li", 32
"Lu", 286, "Oc", 33
"Lu", 286, "Oc", 33
"Lu", 286, "Li", 33
"Lu", 286, "Li", 33
"Lu", 286, "Li", 33
"Lu", 286, "Li", 33
"Lu", 286, "Li", 33
"Lu", 286, "Oc", 33
"Lu", 286, "Oc", 33
"Lu", 286, "Oc", 33
"Lu", 286, "Oc", 33
"Lu", 286, "Oc", 33
"Lu", 286, "Oc", 33
"Lu", 286, "Oc", 33
"Lu", 286, "Oc", 33
"Lu", 286, "Oc", 33
"Lu", 286, "Oc", 33
"Lu", 286, "Oc", 33
"Lu", 286, "Oc", 33
"Lu", 286, "Oc", 33
"Lu", 286, "Oc", 33
"Lu", 286, "Oc", 33
"Lu", 286, "Oc", 33
"Lu", 286, "Oc", 33
"Lu", 286, "Oc", 33
"Lu", 286, "Oc", 33
"Lu", 286, "Oc", 33
"Lu", 286, "Li", 33
"Lu", 286, "Li", 33
"Lu", 286, "Li", 33
"Lu", 286, "Li", 33
"Lu", 286, "Li", 33
"Lu", 286, "Li", 33
"Lu", 286, "Li", 33
"Lu", 286, "Oc", 33
"Lu", 286, "Oc", 33
"Lu", 286, "Oc", 33
"Lu", 286, "Oc", 33
"Lu", 286, "Oc", 33
"Lu", 286, "Oc", 33
"Lu", 286, "Oc", 33
"Lu", 286, "Oc", 33
"Lu", 286, "Oc", 33
"Lu", 286, "Oc", 33
"Lu", 286, "Oc", 33
"Lu", 286, "Oc", 33
"Lu", 286, "Oc", 33
"Lu", 286, "Oc", 33
"Lu", 286, "Oc", 33
"Lu", 286, "Oc", 33
"Lu", 286, "Oc", 33
"Lu", 286, "Oc", 33
"Lu", 286, "Oc", 33
"Lu", 286, "Li", 33
"Lu", 286, "Li", 33
"Lu", 286, "Li", 33
"Lu", 286, "Li", 33
"Lu", 286, "Li", 33
"Lu", 286, "Li", 33
"Lu", 286, "Li", 33
"Lu", 286, "Li", 33
"Lu", 286, "Li", 33
"Lu", 286, "Li", 33
"Lu", 286, "Li", 33
"Lu", 286, "Oc", 33
"Lu", 286, "Oc", 33
"Lu", 286, "Oc", 33
"Lu", 286, "Oc", 33
"Lu", 286, "Oc", 33
"Lu", 286, "Oc", 33
"Lu", 286, "Oc", 33
"Lu", 286, "Oc", 33
"Lu", 286, "Oc", 33
"Lu", 286, "Oc", 33
"Lu", 286, "Oc", 33
"Lu", 286, "Oc", 33
"Lu", 286, "Oc", 33
"Lu", 286, "Oc", 33
"Lu", 286, "Oc", 33
"M", 156, "Oc", 33
"M", 156, "Li", 33
"M", 156, "Li", 33
"M", 156, "Li", 33
"M", 156, "Li", 33
"M", 156, "Li", 33
"M", 156, "Li", 33
"M", 156, "Li", 33
"M", 156, "Li", 33
"M", 156, "Li", 33
"M", 156, "Li", 33
"M", 156, "Oc", 33
"M", 156, "Oc", 33
"M", 156, "Oc", 33
"M", 156, "Oc", 33
"M", 156, "Oc", 33
"M", 156, "Oc", 33
"M", 156, "Oc", 33
"M", 156, "Oc", 33
"M", 156, "Oc", 33
"M", 156, "Oc", 33
"M", 156, "Oc", 33
"M", 156, "Oc", 33
"M", 156, "Li", 33
"M", 156, "Li", 33
"M", 156, "Li", 33
"M", 156, "Li", 33
"M", 156, "Li", 33
"M", 156, "Li", 33
"M", 156, "Li", 33
"M", 156, "Li", 33
"M", 156, "Li", 33
"M", 156, "Li", 33
"M", 156, "Oc", 33
"M", 156, "Oc", 33
"M", 156, "Oc", 33
"M", 156, "Oc", 33
"M", 156, "Oc", 33
"M", 156, "Oc", 33
"M", 156, "Oc", 33
"M", 156, "Oc", 33
"M", 156, "Oc", 33
"M", 156, "Oc", 33
"M", 156, "Oc", 33
"M", 156, "Oc", 33
"M", 156, "Oc", 33
"M", 156, "Oc", 33
"M", 156, "Oc", 33
"M", 156, "Li", 33
"M", 156, "Li", 33
"M", 156, "Li", 33
"M", 156, "Li", 33
"M", 156, "Li", 33
"M", 156, "Li", 33
"M", 156, "Li", 33
"M", 156, "Li", 33
"M", 156, "Li", 33
"M", 156, "Li", 33
"M", 156, "Li", 33
"M", 156, "Oc", 33
"M", 156, "Oc", 33
"M", 156, "Oc", 33
"M", 156, "Oc", 33
"M", 156, "Oc", 33
"M", 156, "Oc", 33
"M", 156, "Oc", 33
"M", 156, "Oc", 33
"M", 156, "Oc", 33
"M", 156, "Oc", 33
"M", 156, "Li", 33
"M", 156, "Li", 33
"M", 156, "Li", 33
"M", 156, "Li", 33
"M", 156, "Li", 33
"M", 156, "Li", 33
"M", 156, "Li", 33
"M", 156, "Li", 33
"M", 156, "Li", 33
"M", 156, "Oc", 33
"M", 156, "Oc", 33
"M", 156, "Oc", 33
"M", 156, "Oc", 33
"C", 89, "Li", 33
"C", 89, "Li", 33
"C", 89, "Li", 33
"C", 89, "Li", 33
"C", 89, "Li", 33
"C", 89, "Li", 33
"C", 89, "Li", 33
"C", 89, "Li", 33
"C", 89, "Li", 33
"C", 89, "Li", 33
"C", 89, "Li", 33
"C", 89, "Li", 33
"C", 89, "Li", 33
"C", 89, "Li", 33
"C", 89, "Li", 33
"C", 89, "Li", 33
"C", 89, "Li", 33
"C", 89, "Li", 33
"C", 89, "Li", 33
"C", 89, "Li", 33
"C", 89, "Li", 33
"C", 89, "Oc", 33
"C", 89, "Oc", 33
"C", 89, "Oc", 33
"C", 89, "Oc", 33
"C", 89, "Oc", 33
"C", 89, "Li", 33
"C", 89, "Li", 33
"C", 89, "Li", 33
"C", 89, "Li", 33
"C", 89, "Li", 33
"C", 89, "Li", 33
"C", 89, "Li", 33
"C", 89, "Li", 33
"C", 89, "Li", 33
"C", 89, "Li", 33
"C", 89, "Li", 33
"C", 89, "Li", 33
"C", 89, "Li", 33
"C", 89, "Li", 33
"C", 89, "Li", 33
"C", 89, "Li", 33
"C", 89, "Li", 33
"C", 89, "Li", 33
"C", 89, "Li", 33
"C", 89, "Li", 33
"C", 89, "Li", 33
"C", 89, "Li", 33
"C", 89, "Li", 33
"C", 89, "Li", 33
"C", 89, "Li", 33
"C", 89, "Li", 33
"C", 89, "Oc", 33
"C", 89, "Oc", 33
"C", 89, "Oc", 33
"C", 89, "Oc", 33
"C", 89, "Oc", 33
"C", 89, "Oc", 33
"C", 89, "Oc", 33
"C", 89, "Oc", 33
"C", 89, "Oc", 33
"C", 89, "Oc", 33
"C", 89, "Li", 33
"C", 89, "Li", 33
"C", 89, "Li", 33
"C", 89, "Li", 33
"C", 89, "Li", 33
"C", 89, "Li", 33
"C", 89, "Li", 33
"C", 89, "Li", 33
"C", 89, "Li", 33
"C", 89, "Li", 33
"C", 89, "Li", 33
"C", 89, "Li", 33
"C", 89, "Li", 33
"C", 89, "Li", 33
"C", 89, "Li", 33
"C", 89, "Li", 33
"C", 89, "Li", 33
"C", 89, "Li", 33
"C", 89, "Li", 33
"C", 89, "Li", 33
"C", 89, "Li", 33
"C", 89, "Li", 33
"C", 89, "Oc", 33
"C", 89, "Oc", 33
"C", 89, "Oc", 33
"C", 89, "Oc", 33
"C", 89, "Oc", 33
"C", 89, "Oc", 33
"C", 89, "Oc", 33
"C", 89, "Oc", 33
"C", 89, "Li", 33
"Lu", 299, "Li", 34
"Lu", 299, "Li", 34
"Lu", 299, "Li", 34
"Lu", 299, "Li", 34
"Lu", 299, "Li", 34
"Lu", 299, "Li", 34
"Lu", 299, "Oc", 34
"Lu", 299, "Oc", 34
"Lu", 299, "Oc", 34
"Lu", 299, "Oc", 34
"Lu", 299, "Oc", 34
"Lu", 299, "Oc", 34
"Lu", 299, "Oc", 34
"Lu", 299, "Oc", 34
"Lu", 299, "Oc", 34
"Lu", 299, "Oc", 34
"Lu", 299, "Oc", 34
"Lu", 299, "Oc", 34
"Lu", 299, "Oc", 34
"Lu", 299, "Oc", 34
"Lu", 299, "Oc", 34
"Lu", 299, "Oc", 34
"Lu", 299, "Li", 34
"Lu", 299, "Li", 34
"Lu", 299, "Li", 34
"Lu", 299, "Li", 34
"Lu", 299, "Li", 34
"Lu", 299, "Oc", 34
"Lu", 299, "Oc", 34
"M", 203, "Oc", 34
"M", 203, "Oc", 34
"M", 203, "Oc", 34
"M", 203, "Li", 34
"M", 203, "Li", 34
"M", 203, "Li", 34
"M", 203, "Li", 34
"M", 203, "Li", 34
"M", 203, "Li", 34
"M", 203, "Li", 34
"M", 203, "Oc", 34
"M", 203, "Oc", 34
"M", 203, "Oc", 34
"M", 203, "Oc", 34
"M", 203, "Oc", 34
"M", 203, "Oc", 34
"M", 203, "Oc", 34
"M", 203, "Oc", 34
"M", 203, "Oc", 34
"M", 203, "Oc", 34
"M", 203, "Oc", 34
"M", 203, "Oc", 34
"M", 203, "Oc", 34
"M", 203, "Oc", 34
"M", 203, "Li", 34
"M", 203, "Li", 34
"M", 203, "Li", 34
"M", 203, "Li", 34
"M", 203, "Li", 34
"M", 203, "Li", 34
"M", 203, "Li", 34
"M", 203, "Oc", 34
"M", 203, "Oc", 34
"M", 203, "Oc", 34
"M", 203, "Oc", 34
"M", 203, "Oc", 34
"M", 203, "Oc", 34
"M", 203, "Oc", 34
"M", 203, "Oc", 34
"M", 203, "Oc", 34
"M", 203, "Oc", 34
"M", 203, "Oc", 34
"M", 203, "Li", 34
"M", 203, "Li", 34
"M", 203, "Li", 34
"M", 203, "Li", 34
"M", 203, "Li", 34
"M", 203, "Li", 34
"M", 203, "Li", 34
"M", 203, "Oc", 34
"M", 203, "Oc", 34
"M", 203, "Oc", 34
"M", 203, "Oc", 34
"M", 203, "Oc", 34
"M", 203, "Oc", 34
"C", 122, "Li", 34
"C", 122, "Li", 34
"C", 122, "Li", 34
"C", 122, "Li", 34
"C", 122, "Li", 34
"C", 122, "Li", 34
"C", 122, "Oc", 34
"C", 122, "Oc", 34
"C", 122, "Oc", 34
"C", 122, "Oc", 34
"C", 122, "Oc", 34
"C", 122, "Oc", 34
"C", 122, "Oc", 34
"C", 122, "Oc", 34
"C", 122, "Oc", 34
"C", 122, "Oc", 34
"C", 122, "Li", 34
"C", 122, "Li", 34
"C", 122, "Li", 34
"C", 122, "Li", 34
"C", 122, "Li", 34
"C", 122, "Li", 34
"C", 122, "Li", 34
"C", 122, "Li", 34
"C", 122, "Li", 34
"C", 122, "Li", 34
"C", 122, "Oc", 34
"C", 122, "Oc", 34
"C", 122, "Oc", 34
"C", 122, "Oc", 34
"C", 122, "Li", 34
"C", 122, "Li", 34
"C", 122, "Li", 34
"C", 122, "Li", 34
"C", 122, "Li", 34
"C", 122, "Li", 34
"C", 122, "Li", 34
"C", 122, "Li", 34
"C", 122, "Li", 34
"C", 122, "Li", 34
"C", 122, "Li", 34
"C", 122, "Li", 34
"C", 122, "Li", 34
"C", 122, "Li", 34
"C", 122, "Oc", 34
"C", 122, "Oc", 34
"C", 122, "Oc", 34
"C", 122, "Oc", 34
"C", 122, "Oc", 34
"C", 122, "Li", 34
"C", 122, "Li", 34
"C", 122, "Li", 34
"C", 122, "Li", 34
"C", 122, "Li", 34
"C", 122, "Li", 34
"C", 122, "Li", 34
"C", 122, "Li", 34
"C", 122, "Li", 34
"C", 122, "Li", 34
"C", 122, "Li", 34
"C", 122, "Li", 34
"C", 122, "Li", 34
"C", 122, "Li", 34
"C", 122, "Oc", 34
"C", 122, "Oc", 34
"C", 122, "Oc", 34
"C", 122, "Oc", 34
"C", 122, "Oc", 34
"C", 122, "Oc", 34
"C", 122, "Oc", 34
"C", 122, "Oc", 34
"C", 122, "Oc", 34
"C", 122, "Oc", 34
"C", 122, "Li", 34
"C", 122, "Li", 34
"C", 122, "Li", 34
"C", 122, "Li", 34
"C", 122, "Li", 34
"C", 122, "Li", 34
"C", 122, "Li", 34
"C", 122, "Li", 34
"C", 122, "Li", 34
"C", 122, "Li", 34
"C", 122, "Li", 34
"C", 122, "Oc", 34
"Lu", 390, "Oc", 35
"Lu", 390, "Oc", 35
"Lu", 390, "Oc", 35
"Lu", 390, "Oc", 35
"Lu", 390, "Oc", 35
"Lu", 390, "Oc", 35
"Lu", 390, "Li", 35
"Lu", 390, "Li", 35
"Lu", 390, "Li", 35
"Lu", 390, "Li", 35
"Lu", 390, "Li", 35
"Lu", 390, "Li", 35
"Lu", 390, "Li", 35
"Lu", 390, "Li", 35
"Lu", 390, "Li", 35
"Lu", 390, "Li", 35
"Lu", 390, "Li", 35
"Lu", 390, "Oc", 35
"Lu", 390, "Oc", 35
"Lu", 390, "Oc", 35
"Lu", 390, "Oc", 35
"Lu", 390, "Oc", 35
"Lu", 390, "Oc", 35
"Lu", 390, "Oc", 35
"Lu", 390, "Oc", 35
"Lu", 390, "Oc", 35
"Lu", 390, "Oc", 35
"Lu", 390, "Oc", 35
"Lu", 390, "Oc", 35
"Lu", 390, "Oc", 35
"Lu", 390, "Oc", 35
"Lu", 390, "Li", 35
"Lu", 390, "Li", 35
"Lu", 390, "Li", 35
"Lu", 390, "Li", 35
"Lu", 390, "Li", 35
"Lu", 390, "Li", 35
"Lu", 390, "Li", 35
"Lu", 390, "Li", 35
"Lu", 390, "Li", 35
"Lu", 390, "Li", 35
"Lu", 390, "Li", 35
"Lu", 390, "Li", 35
"Lu", 390, "Oc", 35
"Lu", 390, "Oc", 35
"Lu", 390, "Oc", 35
"Lu", 390, "Oc", 35
"Lu", 390, "Oc", 35
"Lu", 390, "Oc", 35
"Lu", 390, "Oc", 35
"Lu", 390, "Oc", 35
"Lu", 390, "Oc", 35
"Lu", 390, "Oc", 35
"Lu", 390, "Oc", 35
"Lu", 390, "Oc", 35
"Lu", 390, "Oc", 35
"Lu", 390, "Oc", 35
"Lu", 390, "Li", 35
"Lu", 390, "Li", 35
"Lu", 390, "Li", 35
"Lu", 390, "Li", 35
"Lu", 390, "Li", 35
"Lu", 390, "Li", 35
"Lu", 390, "Li", 35
"Lu", 390, "Li", 35
"Lu", 390, "Li", 35
"Lu", 390, "Li", 35
"Lu", 390, "Li", 35
"Lu", 390, "Li", 35
"Lu", 390, "Li", 35
"Lu", 390, "Oc", 35
"Lu", 390, "Oc", 35
"Lu", 390, "Oc", 35
"Lu", 390, "Oc", 35
"Lu", 390, "Oc", 35
"Lu", 390, "Oc", 35
"Lu", 390, "Oc", 35
"Lu", 390, "Oc", 35
"Lu", 390, "Oc", 35
"M", 281, "Li", 35
"M", 281, "Li", 35
"M", 281, "Li", 35
"M", 281, "Li", 35
"M", 281, "Li", 35
"M", 281, "Li", 35
"M", 281, "Li", 35
"M", 281, "Li", 35
"M", 281, "Oc", 35
"M", 281, "Oc", 35
"M", 281, "Oc", 35
"M", 281, "Oc", 35
"M", 281, "Oc", 35
"M", 281, "Oc", 35
"M", 281, "Oc", 35
"M", 281, "Oc", 35
"M", 281, "Oc", 35
"M", 281, "Oc", 35
"M", 281, "Oc", 35
"M", 281, "Oc", 35
"M", 281, "Oc", 35
"M", 281, "Oc", 35
"M", 281, "Oc", 35
"M", 281, "Oc", 35
"M", 281, "Oc", 35
"M", 281, "Oc", 35
"M", 281, "Li", 35
"M", 281, "Li", 35
"M", 281, "Li", 35
"M", 281, "Li", 35
"M", 281, "Li", 35
"M", 281, "Oc", 35
"M", 281, "Oc", 35
"M", 281, "Oc", 35
"M", 281, "Oc", 35
"M", 281, "Oc", 35
"M", 281, "Oc", 35
"M", 281, "Oc", 35
"M", 281, "Oc", 35
"M", 281, "Oc", 35
"M", 281, "Oc", 35
"M", 281, "Oc", 35
"M", 281, "Oc", 35
"M", 281, "Oc", 35
"M", 281, "Oc", 35
"M", 281, "Li", 35
"C", 194, "Oc", 35
"C", 194, "Oc", 35
"C", 194, "Oc", 35
"C", 194, "Oc", 35
"C", 194, "Oc", 35
"C", 194, "Oc", 35
"C", 194, "Oc", 35
"C", 194, "Oc", 35
"C", 194, "Oc", 35
"C", 194, "Oc", 35
"C", 194, "Li", 35
"C", 194, "Li", 35
"C", 194, "Li", 35
"C", 194, "Li", 35
"C", 194, "Li", 35
"C", 194, "Li", 35
"C", 194, "Li", 35
"C", 194, "Oc", 35
"C", 194, "Oc", 35
"C", 194, "Oc", 35
"C", 194, "Oc", 35
"C", 194, "Oc", 35
"C", 194, "Oc", 35
"C", 194, "Oc", 35
"C", 194, "Oc", 35
"C", 194, "Oc", 35
"C", 194, "Oc", 35
"C", 194, "Oc", 35
"C", 194, "Oc", 35
"C", 194, "Oc", 35
"C", 194, "Oc", 35
"C", 194, "Oc", 35
"C", 194, "Oc", 35
"C", 194, "Oc", 35
"Lu", 755, "Oc", 36
"Lu", 755, "Oc", 36
"Lu", 755, "Oc", 36
"Lu", 755, "Oc", 36
"Lu", 755, "Li", 36
"Lu", 755, "Li", 36
"Lu", 755, "Li", 36
"Lu", 755, "Li", 36
"Lu", 755, "Li", 36
"Lu", 755, "Li", 36
"Lu", 755, "Li", 36
"Lu", 755, "Li", 36
"Lu", 755, "Li", 36
"Lu", 755, "Li", 36
"Lu", 755, "Li", 36
"Lu", 755, "Li", 36
"Lu", 755, "Li", 36
"Lu", 755, "Li", 36
"Lu", 755, "Li", 36
"Lu", 755, "Li", 36
"Lu", 755, "Li", 36
"Lu", 755, "Li", 36
"Lu", 755, "Li", 36
"Lu", 755, "Oc", 36
"Lu", 755, "Oc", 36
"Lu", 755, "Oc", 36
"Lu", 755, "Oc", 36
"Lu", 755, "Oc", 36
"Lu", 755, "Oc", 36
"Lu", 755, "Oc", 36
"Lu", 755, "Oc", 36
"Lu", 755, "Oc", 36
"Lu", 755, "Li", 36
"Lu", 755, "Li", 36
"Lu", 755, "Li", 36
"Lu", 755, "Li", 36
"Lu", 755, "Li", 36
"Lu", 755, "Li", 36
"Lu", 755, "Li", 36
"Lu", 755, "Li", 36
"Lu", 755, "Li", 36
"Lu", 755, "Li", 36
"Lu", 755, "Li", 36
"Lu", 755, "Li", 36
"Lu", 755, "Oc", 36
"Lu", 755, "Oc", 36
"Lu", 755, "Oc", 36
"Lu", 755, "Oc", 36
"Lu", 755, "Oc", 36
"Lu", 755, "Oc", 36
"Lu", 755, "Oc", 36
"Lu", 755, "Oc", 36
"Lu", 755, "Oc", 36
"Lu", 755, "Oc", 36
"Lu", 755, "Oc", 36
"Lu", 755, "Oc", 36
"Lu", 755, "Li", 36
"Lu", 755, "Li", 36
"Lu", 755, "Li", 36
"Lu", 755, "Li", 36
"Lu", 755, "Li", 36
"Lu", 755, "Li", 36
"Lu", 755, "Li", 36
"Lu", 755, "Li", 36
"Lu", 755, "Li", 36
"Lu", 755, "Li", 36
"Lu", 755, "Li", 36
"Lu", 755, "Li", 36
"Lu", 755, "Li", 36
"Lu", 755, "Li", 36
"Lu", 755, "Li", 36
"M", 412, "Oc", 36
"M", 412, "Oc", 36
"M", 412, "Oc", 36
"M", 412, "Oc", 36
"M", 412, "Oc", 36
"M", 412, "Oc", 36
"M", 412, "Oc", 36
"M", 412, "Li", 36
"M", 412, "Li", 36
"M", 412, "Li", 36
"M", 412, "Li", 36
"M", 412, "Li", 36
"M", 412, "Li", 36
"M", 412, "Li", 36
"M", 412, "Li", 36
"M", 412, "Li", 36
"M", 412, "Li", 36
"M", 412, "Li", 36
"M", 412, "Li", 36
"M", 412, "Li", 36
"M", 412, "Li", 36
"M", 412, "Li", 36
"M", 412, "Oc", 36
"M", 412, "Oc", 36
"M", 412, "Oc", 36
"M", 412, "Oc", 36
"M", 412, "Oc", 36
"M", 412, "Oc", 36
"M", 412, "Oc", 36
"M", 412, "Oc", 36
"M", 412, "Oc", 36
"M", 412, "Li", 36
"M", 412, "Li", 36
"M", 412, "Li", 36
"M", 412, "Li", 36
"M", 412, "Li", 36
"M", 412, "Li", 36
"M", 412, "Li", 36
"M", 412, "Li", 36
"M", 412, "Oc", 36
"M", 412, "Oc", 36
"M", 412, "Oc", 36
"M", 412, "Oc", 36
"M", 412, "Oc", 36
"M", 412, "Oc", 36
"M", 412, "Oc", 36
"M", 412, "Oc", 36
"M", 412, "Oc", 36
"M", 412, "Oc", 36
"M", 412, "Oc", 36
"M", 412, "Li", 36
"M", 412, "Li", 36
"M", 412, "Li", 36
"M", 412, "Oc", 36
"M", 412, "Oc", 36
"M", 412, "Oc", 36
"M", 412, "Oc", 36
"M", 412, "Oc", 36
"M", 412, "Oc", 36
"M", 412, "Oc", 36
"M", 412, "Oc", 36
"M", 412, "Oc", 36
"C", 256, "Oc", 36
"C", 256, "Oc", 36
"C", 256, "Oc", 36
"C", 256, "Li", 36
"C", 256, "Li", 36
"C", 256, "Li", 36
"C", 256, "Li", 36
"C", 256, "Oc", 36
"C", 256, "Oc", 36
"C", 256, "Oc", 36
"C", 256, "Oc", 36
"C", 256, "Oc", 36
"C", 256, "Oc", 36
"C", 256, "Oc", 36
"C", 256, "Oc", 36
"C", 256, "Oc", 36
"C", 256, "Oc", 36
"C", 256, "Oc", 36
"C", 256, "Oc", 36
"C", 256, "Oc", 36
"C", 256, "Li", 36
"C", 256, "Li", 36
"C", 256, "Li", 36
"C", 256, "Li", 36
"C", 256, "Li", 36
"C", 256, "Oc", 36
"C", 256, "Oc", 36
"C", 256, "Oc", 36
"C", 256, "Oc", 36
"C", 256, "Oc", 36
"C", 256, "Oc", 36
"C", 256, "Oc", 36
"C", 256, "Oc", 36
"C", 256, "Oc", 36
"C", 256, "Oc", 36
"C", 256, "Oc", 36
"C", 256, "Oc", 36
"C", 256, "Oc", 36
"C", 256, "Oc", 36
"C", 256, "Li", 36
"C", 256, "Li", 36
"C", 256, "Li", 36
"C", 256, "Li", 36
"C", 256, "Li", 36
"C", 256, "Li", 36
"C", 256, "Li", 36
"C", 256, "Li", 36
"C", 256, "Oc", 36
"C", 256, "Oc", 36
"C", 256, "Oc", 36
"C", 256, "Oc", 36
"C", 256, "Oc", 36
"C", 256, "Oc", 36
"C", 256, "Oc", 36
"C", 256, "Oc", 36
"C", 256, "Oc", 36
"C", 256, "Oc", 36
"C", 256, "Oc", 36
"C", 256, "Oc", 36
"C", 256, "Oc", 36
"C", 256, "Oc", 36
"C", 256, "Oc", 36
"C", 256, "Li", 36
"C", 256, "Li", 36
"C", 256, "Li", 36
"C", 256, "Li", 36
"C", 256, "Li", 36
"C", 256, "Oc", 36
"C", 256, "Oc", 36
"C", 256, "Oc", 36
"C", 256, "Oc", 36
"C", 256, "Oc", 36
"C", 256, "Li", 36
"C", 256, "Li", 36
"C", 256, "Li", 36
"C", 256, "Li", 36
"C", 256, "Li", 36
"C", 256, "Li", 36
"Lu", 321, "Li", 37
"Lu", 321, "Li", 37
"Lu", 321, "Li", 37
"Lu", 321, "Li", 37
"Lu", 321, "Li", 37
"Lu", 321, "Li", 37
"Lu", 321, "Li", 37
"Lu", 321, "Oc", 37
"Lu", 321, "Oc", 37
"Lu", 321, "Oc", 37
"Lu", 321, "Oc", 37
"Lu", 321, "Oc", 37
"Lu", 321, "Oc", 37
"Lu", 321, "Oc", 37
"Lu", 321, "Oc", 37
"Lu", 321, "Oc", 37
"Lu", 321, "Oc", 37
"Lu", 321, "Li", 37
"Lu", 321, "Li", 37
"Lu", 321, "Li", 37
"Lu", 321, "Li", 37
"Lu", 321, "Li", 37
"Lu", 321, "Li", 37
"Lu", 321, "Li", 37
"Lu", 321, "Li", 37
"Lu", 321, "Li", 37
"Lu", 321, "Li", 37
"Lu", 321, "Li", 37
"Lu", 321, "Li", 37
"Lu", 321, "Li", 37
"Lu", 321, "Li", 37
"Lu", 321, "Oc", 37
"Lu", 321, "Oc", 37
"Lu", 321, "Oc", 37
"Lu", 321, "Oc", 37
"Lu", 321, "Oc", 37
"Lu", 321, "Oc", 37
"Lu", 321, "Oc", 37
"Lu", 321, "Oc", 37
"Lu", 321, "Oc", 37
"Lu", 321, "Oc", 37
"Lu", 321, "Oc", 37
"Lu", 321, "Oc", 37
"Lu", 321, "Oc", 37
"Lu", 321, "Oc", 37
"Lu", 321, "Li", 37
"Lu", 321, "Li", 37
"Lu", 321, "Li", 37
"Lu", 321, "Li", 37
"Lu", 321, "Li", 37
"Lu", 321, "Li", 37
"Lu", 321, "Oc", 37
"Lu", 321, "Oc", 37
"Lu", 321, "Oc", 37
"Lu", 321, "Oc", 37
"Lu", 321, "Oc", 37
"Lu", 321, "Oc", 37
"Lu", 321, "Oc", 37
"Lu", 321, "Oc", 37
"Lu", 321, "Oc", 37
"Lu", 321, "Oc", 37
"Lu", 321, "Oc", 37
"Lu", 321, "Oc", 37
"Lu", 321, "Oc", 37
"Lu", 321, "Oc", 37
"Lu", 321, "Oc", 37
"Lu", 321, "Li", 37
"Lu", 321, "Li", 37
"Lu", 321, "Li", 37
"Lu", 321, "Li", 37
"Lu", 321, "Li", 37
"Lu", 321, "Li", 37
"M", 199, "Oc", 37
"M", 199, "Oc", 37
"M", 199, "Oc", 37
"M", 199, "Oc", 37
"M", 199, "Oc", 37
"M", 199, "Oc", 37
"M", 199, "Oc", 37
"M", 199, "Oc", 37
"M", 199, "Oc", 37
"M", 199, "Oc", 37
"M", 199, "Oc", 37
"M", 199, "Oc", 37
"M", 199, "Li", 37
"M", 199, "Li", 37
"M", 199, "Li", 37
"M", 199, "Li", 37
"M", 199, "Li", 37
"M", 199, "Li", 37
"M", 199, "Li", 37
"M", 199, "Li", 37
"M", 199, "Li", 37
"M", 199, "Li", 37
"M", 199, "Li", 37
"M", 199, "Li", 37
"M", 199, "Li", 37
"M", 199, "Li", 37
"M", 199, "Oc", 37
"M", 199, "Oc", 37
"M", 199, "Oc", 37
"M", 199, "Oc", 37
"M", 199, "Oc", 37
"M", 199, "Oc", 37
"M", 199, "Oc", 37
"M", 199, "Oc", 37
"M", 199, "Oc", 37
"M", 199, "Oc", 37
"M", 199, "Oc", 37
"M", 199, "Li", 37
"M", 199, "Li", 37
"M", 199, "Li", 37
"M", 199, "Li", 37
"M", 199, "Li", 37
"M", 199, "Li", 37
"M", 199, "Li", 37
"M", 199, "Li", 37
"M", 199, "Li", 37
"M", 199, "Li", 37
"M", 199, "Oc", 37
"M", 199, "Oc", 37
"M", 199, "Oc", 37
"M", 199, "Oc", 37
"M", 199, "Oc", 37
"M", 199, "Oc", 37
"M", 199, "Oc", 37
"M", 199, "Oc", 37
"M", 199, "Oc", 37
"C", 96, "Oc", 37
"C", 96, "Li", 37
"C", 96, "Li", 37
"C", 96, "Li", 37
"C", 96, "Li", 37
"C", 96, "Li", 37
"C", 96, "Li", 37
"C", 96, "Li", 37
"C", 96, "Li", 37
"C", 96, "Li", 37
"C", 96, "Li", 37
"C", 96, "Li", 37
"C", 96, "Li", 37
"C", 96, "Li", 37
"C", 96, "Li", 37
"C", 96, "Li", 37
"C", 96, "Oc", 37
"C", 96, "Oc", 37
"C", 96, "Oc", 37
"C", 96, "Oc", 37
"C", 96, "Oc", 37
"C", 96, "Oc", 37
"C", 96, "Oc", 37
"C", 96, "Oc", 37
"C", 96, "Oc", 37
"C", 96, "Oc", 37
"C", 96, "Oc", 37
"C", 96, "Oc", 37
"C", 96, "Oc", 37
"C", 96, "Oc", 37
"C", 96, "Oc", 37
"C", 96, "Oc", 37
"C", 96, "Oc", 37
"C", 96, "Oc", 37
"C", 96, "Oc", 37
"C", 96, "Oc", 37
"C", 96, "Oc", 37
"C", 96, "Oc", 37
"C", 96, "Oc", 37
"C", 96, "Li", 37
"C", 96, "Li", 37
"C", 96, "Li", 37
"C", 96, "Li", 37
"C", 96, "Li", 37
"C", 96, "Li", 37
"C", 96, "Li", 37
"C", 96, "Li", 37
"C", 96, "Li", 37
"C", 96, "Li", 37
"C", 96, "Li", 37
"C", 96, "Li", 37
"C", 96, "Li", 37
"C", 96, "Li", 37
"C", 96, "Li", 37
"C", 96, "Li", 37
"C", 96, "Li", 37
"C", 96, "Li", 37
"C", 96, "Li", 37
"C", 96, "Li", 37
"C", 96, "Li", 37
"C", 96, "Oc", 37
"C", 96, "Oc", 37
"C", 96, "Oc", 37
"C", 96, "Oc", 37
"C", 96, "Oc", 37
"Lu", 189, "Li", 38
"Lu", 189, "Li", 38
"Lu", 189, "Li", 38
"Lu", 189, "Li", 38
"Lu", 189, "Li", 38
"Lu", 189, "Li", 38
"Lu", 189, "Li", 38
"Lu", 189, "Li", 38
"Lu", 189, "Oc", 38
"Lu", 189, "Oc", 38
"Lu", 189, "Oc", 38
"Lu", 189, "Oc", 38
"Lu", 189, "Oc", 38
"Lu", 189, "Oc", 38
"Lu", 189, "Oc", 38
"Lu", 189, "Oc", 38
"Lu", 189, "Oc", 38
"Lu", 189, "Oc", 38
"Lu", 189, "Oc", 38
"Lu", 189, "Oc", 38
"Lu", 189, "Oc", 38
"Lu", 189, "Oc", 38
"Lu", 189, "Li", 38
"Lu", 189, "Li", 38
"Lu", 189, "Li", 38
"Lu", 189, "Li", 38
"Lu", 189, "Li", 38
"Lu", 189, "Li", 38
"Lu", 189, "Li", 38
"Lu", 189, "Li", 38
"Lu", 189, "Li", 38
"Lu", 189, "Li", 38
"Lu", 189, "Li", 38
"Lu", 189, "Li", 38
"Lu", 189, "Li", 38
"Lu", 189, "Oc", 38
"Lu", 189, "Oc", 38
"Lu", 189, "Oc", 38
"Lu", 189, "Oc", 38
"Lu", 189, "Oc", 38
"Lu", 189, "Oc", 38
"Lu", 189, "Oc", 38
"Lu", 189, "Oc", 38
"Lu", 189, "Oc", 38
"Lu", 189, "Oc", 38
"Lu", 189, "Oc", 38
"Lu", 189, "Oc", 38
"Lu", 189, "Oc", 38
"Lu", 189, "Li", 38
"Lu", 189, "Li", 38
"Lu", 189, "Li", 38
"Lu", 189, "Li", 38
"Lu", 189, "Li", 38
"Lu", 189, "Li", 38
"Lu", 189, "Li", 38
"Lu", 189, "Li", 38
"Lu", 189, "Li", 38
"Lu", 189, "Li", 38
"Lu", 189, "Oc", 38
"Lu", 189, "Oc", 38
"Lu", 189, "Oc", 38
"Lu", 189, "Oc", 38
"Lu", 189, "Oc", 38
"Lu", 189, "Oc", 38
"Lu", 189, "Oc", 38
"Lu", 189, "Oc", 38
"Lu", 189, "Oc", 38
"Lu", 189, "Oc", 38
"Lu", 189, "Oc", 38
"Lu", 189, "Oc", 38
"Lu", 189, "Oc", 38
"Lu", 189, "Oc", 38
"Lu", 189, "Oc", 38
"Lu", 189, "Oc", 38
"Lu", 189, "Oc", 38
"M", 98, "Oc", 38
"M", 98, "Oc", 38
"M", 98, "Oc", 38
"M", 98, "Oc", 38
"M", 98, "Oc", 38
"M", 98, "Oc", 38
"M", 98, "Oc", 38
"M", 98, "Oc", 38
"M", 98, "Oc", 38
"M", 98, "Oc", 38
"M", 98, "Oc", 38
"M", 98, "Li", 38
"M", 98, "Li", 38
"M", 98, "Li", 38
"M", 98, "Li", 38
"M", 98, "Li", 38
"M", 98, "Li", 38
"M", 98, "Li", 38
"M", 98, "Li", 38
"M", 98, "Li", 38
"M", 98, "Li", 38
"M", 98, "Li", 38
"M", 98, "Oc", 38
"M", 98, "Oc", 38
"M", 98, "Oc", 38
"M", 98, "Oc", 38
"M", 98, "Oc", 38
"M", 98, "Oc", 38
"M", 98, "Oc", 38
"M", 98, "Oc", 38
"M", 98, "Oc", 38
"M", 98, "Oc", 38
"M", 98, "Oc", 38
"M", 98, "Oc", 38
"M", 98, "Oc", 38
"M", 98, "Li", 38
"M", 98, "Li", 38
"M", 98, "Li", 38
"M", 98, "Li", 38
"M", 98, "Li", 38
"M", 98, "Li", 38
"M", 98, "Li", 38
"M", 98, "Li", 38
"M", 98, "Li", 38
"M", 98, "Li", 38
"M", 98, "Oc", 38
"M", 98, "Oc", 38
"M", 98, "Oc", 38
"M", 98, "Oc", 38
"M", 98, "Oc", 38
"M", 98, "Oc", 38
"M", 98, "Oc", 38
"M", 98, "Oc", 38
"M", 98, "Li", 38
"M", 98, "Li", 38
"M", 98, "Li", 38
"M", 98, "Li", 38
"M", 98, "Li", 38
"M", 98, "Li", 38
"M", 98, "Li", 38
"M", 98, "Li", 38
"M", 98, "Oc", 38
"M", 98, "Oc", 38
"M", 98, "Oc", 38
"M", 98, "Oc", 38
"M", 98, "Oc", 38
"M", 98, "Oc", 38
"M", 98, "Oc", 38
"M", 98, "Oc", 38
"M", 98, "Oc", 38
"M", 98, "Oc", 38
"M", 98, "Oc", 38
"M", 98, "Li", 38
"M", 98, "Li", 38
"M", 98, "Li", 38
"M", 98, "Li", 38
"M", 98, "Li", 38
"M", 98, "Oc", 38
"M", 98, "Oc", 38
"M", 98, "Oc", 38
"C", 54, "Li", 38
"C", 54, "Li", 38
"C", 54, "Li", 38
"C", 54, "Oc", 38
"C", 54, "Oc", 38
"C", 54, "Oc", 38
"C", 54, "Oc", 38
"C", 54, "Oc", 38
"C", 54, "Oc", 38
"C", 54, "Oc", 38
"C", 54, "Oc", 38
"C", 54, "Oc", 38
"C", 54, "Oc", 38
"C", 54, "Li", 38
"C", 54, "Li", 38
"C", 54, "Li", 38
"C", 54, "Li", 38
"C", 54, "Li", 38
"C", 54, "Li", 38
"C", 54, "Li", 38
"C", 54, "Li", 38
"C", 54, "Li", 38
"C", 54, "Li", 38
"C", 54, "Li", 38
"C", 54, "Oc", 38
"C", 54, "Oc", 38
"C", 54, "Oc", 38
"C", 54, "Oc", 38
"C", 54, "Oc", 38
"C", 54, "Oc", 38
"C", 54, "Oc", 38
"C", 54, "Oc", 38
"C", 54, "Li", 38
"C", 54, "Li", 38
"C", 54, "Li", 38
"C", 54, "Li", 38
"C", 54, "Li", 38
"C", 54, "Li", 38
"C", 54, "Li", 38
"C", 54, "Li", 38
"C", 54, "Li", 38
"C", 54, "Li", 38
"C", 54, "Oc", 38
"C", 54, "Oc", 38
"C", 54, "Oc", 38
"C", 54, "Oc", 38
"C", 54, "Oc", 38
"C", 54, "Oc", 38
"C", 54, "Oc", 38
"C", 54, "Oc", 38
"C", 54, "Oc", 38
"C", 54, "Oc", 38
"C", 54, "Oc", 38
"C", 54, "Oc", 38
"C", 54, "Oc", 38
"C", 54, "Oc", 38
"C", 54, "Oc", 38
"C", 54, "Oc", 38
"C", 54, "Oc", 38
"C", 54, "Oc", 38
"C", 54, "Oc", 38
"C", 54, "Oc", 38
"C", 54, "Oc", 38
"C", 54, "Oc", 38
"C", 54, "Oc", 38
"C", 54, "Oc", 38
"C", 54, "Oc", 38
"C", 54, "Oc", 38
"C", 54, "Oc", 38
"C", 54, "Oc", 38
"C", 54, "Oc", 38
"C", 54, "Oc", 38
"C", 54, "Oc", 38
"C", 54, "Oc", 38
"C", 54, "Oc", 38
"C", 54, "Oc", 38
"C", 54, "Oc", 38
"C", 54, "Oc", 38
"C", 54, "Oc", 38
"C", 54, "Oc", 38
"C", 54, "Oc", 38
"C", 54, "Li", 38
"C", 54, "Oc", 38
"C", 54, "Oc", 38
"C", 54, "Oc", 38
"C", 54, "Oc", 38
"C", 54, "Oc", 38
"C", 54, "Oc", 38
"C", 54, "Oc", 38
"C", 54, "Oc", 38
"C", 54, "Li", 38
"C", 54, "Li", 38
"C", 54, "Li", 38
"C", 54, "Li", 38
"C", 54, "Li", 38
"C", 54, "Li", 38
"C", 54, "Li", 38
"C", 54, "Li", 38
"Lu", 773, "Li", 39
"Lu", 773, "Li", 39
"Lu", 773, "Li", 39
"Lu", 773, "Li", 39
"Lu", 773, "Li", 39
"Lu", 773, "Li", 39
"Lu", 773, "Li", 39
"Lu", 773, "Li", 39
"Lu", 773, "Oc", 39
"Lu", 773, "Oc", 39
"Lu", 773, "Oc", 39
"Lu", 773, "Oc", 39
"Lu", 773, "Oc", 39
"Lu", 773, "Oc", 39
"Lu", 773, "Oc", 39
"Lu", 773, "Oc", 39
"Lu", 773, "Oc", 39
"Lu", 773, "Oc", 39
"Lu", 773, "Oc", 39
"Lu", 773, "Oc", 39
"Lu", 773, "Oc", 39
"Lu", 773, "Oc", 39
"Lu", 773, "Oc", 39
"Lu", 773, "Li", 39
"Lu", 773, "Li", 39
"Lu", 773, "Li", 39
"Lu", 773, "Li", 39
"Lu", 773, "Li", 39
"Lu", 773, "Li", 39
"Lu", 773, "Li", 39
"Lu", 773, "Oc", 39
"Lu", 773, "Oc", 39
"Lu", 773, "Oc", 39
"Lu", 773, "Oc", 39
"Lu", 773, "Oc", 39
"Lu", 773, "Oc", 39
"Lu", 773, "Oc", 39
"Lu", 773, "Oc", 39
"Lu", 773, "Oc", 39
"Lu", 773, "Oc", 39
"Lu", 773, "Oc", 39
"Lu", 773, "Oc", 39
"Lu", 773, "Oc", 39
"Lu", 773, "Oc", 39
"Lu", 773, "Oc", 39
"Lu", 773, "Oc", 39
"Lu", 773, "Oc", 39
"Lu", 773, "Oc", 39
"Lu", 773, "Li", 39
"Lu", 773, "Li", 39
"Lu", 773, "Li", 39
"Lu", 773, "Li", 39
"Lu", 773, "Li", 39
"Lu", 773, "Li", 39
"Lu", 773, "Li", 39
"Lu", 773, "Li", 39
"Lu", 773, "Li", 39
"Lu", 773, "Oc", 39
"Lu", 773, "Oc", 39
"Lu", 773, "Oc", 39
"Lu", 773, "Oc", 39
"Lu", 773, "Oc", 39
"Lu", 773, "Oc", 39
"Lu", 773, "Oc", 39
"Lu", 773, "Li", 39
"Lu", 773, "Li", 39
"Lu", 773, "Li", 39
"Lu", 773, "Li", 39
"Lu", 773, "Li", 39
"Lu", 773, "Li", 39
"Lu", 773, "Li", 39
"Lu", 773, "Oc", 39
"Lu", 773, "Oc", 39
"Lu", 773, "Oc", 39
"Lu", 773, "Oc", 39
"Lu", 773, "Oc", 39
"M", 545, "Li", 39
"M", 545, "Li", 39
"M", 545, "Li", 39
"M", 545, "Li", 39
"M", 545, "Li", 39
"M", 545, "Li", 39
"M", 545, "Li", 39
"M", 545, "Li", 39
"M", 545, "Oc", 39
"M", 545, "Oc", 39
"M", 545, "Oc", 39
"M", 545, "Oc", 39
"M", 545, "Oc", 39
"M", 545, "Oc", 39
"M", 545, "Oc", 39
"M", 545, "Oc", 39
"M", 545, "Oc", 39
"M", 545, "Oc", 39
"M", 545, "Oc", 39
"M", 545, "Oc", 39
"M", 545, "Oc", 39
"M", 545, "Li", 39
"M", 545, "Li", 39
"M", 545, "Li", 39
"M", 545, "Li", 39
"M", 545, "Li", 39
"M", 545, "Li", 39
"M", 545, "Li", 39
"M", 545, "Li", 39
"M", 545, "Li", 39
"M", 545, "Li", 39
"M", 545, "Li", 39
"M", 545, "Oc", 39
"M", 545, "Oc", 39
"M", 545, "Oc", 39
"M", 545, "Oc", 39
"M", 545, "Oc", 39
"M", 545, "Oc", 39
"M", 545, "Oc", 39
"M", 545, "Oc", 39
"M", 545, "Oc", 39
"M", 545, "Oc", 39
"M", 545, "Li", 39
"M", 545, "Li", 39
"M", 545, "Li", 39
"M", 545, "Li", 39
"M", 545, "Li", 39
"M", 545, "Li", 39
"M", 545, "Li", 39
"M", 545, "Li", 39
"M", 545, "Li", 39
"M", 545, "Li", 39
"M", 545, "Li", 39
"M", 545, "Li", 39
"M", 545, "Li", 39
"M", 545, "Li", 39
"M", 545, "Li", 39
"M", 545, "Li", 39
"M", 545, "Oc", 39
"M", 545, "Oc", 39
"M", 545, "Oc", 39
"M", 545, "Oc", 39
"M", 545, "Oc", 39
"M", 545, "Oc", 39
"M", 545, "Oc", 39
"M", 545, "Oc", 39
"M", 545, "Li", 39
"M", 545, "Li", 39
"M", 545, "Li", 39
"M", 545, "Li", 39
"M", 545, "Li", 39
"M", 545, "Li", 39
"M", 545, "Li", 39
"M", 545, "Li", 39
"M", 545, "Li", 39
"M", 545, "Li", 39
"M", 545, "Oc", 39
"M", 545, "Oc", 39
"M", 545, "Oc", 39
"M", 545, "Oc", 39
"M", 545, "Oc", 39
"M", 545, "Oc", 39
"M", 545, "Oc", 39
"M", 545, "Li", 39
"C", 312, "Oc", 39
"C", 312, "Oc", 39
"C", 312, "Oc", 39
"C", 312, "Oc", 39
"C", 312, "Oc", 39
"C", 312, "Oc", 39
"C", 312, "Oc", 39
"C", 312, "Oc", 39
"C", 312, "Oc", 39
"C", 312, "Oc", 39
"C", 312, "Oc", 39
"C", 312, "Oc", 39
"C", 312, "Oc", 39
"C", 312, "Oc", 39
"C", 312, "Li", 39
"C", 312, "Li", 39
"C", 312, "Li", 39
"C", 312, "Li", 39
"C", 312, "Li", 39
"C", 312, "Li", 39
"C", 312, "Li", 39
"C", 312, "Li", 39
"C", 312, "Li", 39
"C", 312, "Li", 39
"C", 312, "Li", 39
"C", 312, "Li", 39
"C", 312, "Oc", 39
"C", 312, "Oc", 39
"C", 312, "Oc", 39
"C", 312, "Oc", 39
"C", 312, "Oc", 39
"C", 312, "Oc", 39
"C", 312, "Oc", 39
"C", 312, "Li", 39
"C", 312, "Li", 39
"C", 312, "Li", 39
"C", 312, "Li", 39
"C", 312, "Li", 39
"C", 312, "Li", 39
"C", 312, "Li", 39
"C", 312, "Li", 39
"C", 312, "Li", 39
"C", 312, "Li", 39
"C", 312, "Oc", 39
"C", 312, "Oc", 39
"C", 312, "Oc", 39
"C", 312, "Oc", 39
"C", 312, "Li", 39
"C", 312, "Li", 39
"C", 312, "Li", 39
"C", 312, "Li", 39
"C", 312, "Li", 39
"C", 312, "Li", 39
"C", 312, "Li", 39
"C", 312, "Li", 39
"C", 312, "Li", 39
"C", 312, "Li", 39
"C", 312, "Li", 39
"C", 312, "Oc", 39
"C", 312, "Oc", 39
"C", 312, "Oc", 39
"C", 312, "Oc", 39
"C", 312, "Oc", 39
"C", 312, "Oc", 39
"C", 312, "Oc", 39
"C", 312, "Li", 39
"C", 312, "Li", 39
"C", 312, "Li", 39
"C", 312, "Li", 39
"C", 312, "Li", 39
"C", 312, "Li", 39
"C", 312, "Li", 39
"C", 312, "Li", 39
"C", 312, "Li", 39
"C", 312, "Oc", 39
"C", 312, "Oc", 39
"C", 312, "Oc", 39
"C", 312, "Oc", 39
"C", 312, "Oc", 39
"C", 312, "Oc", 39
"C", 312, "Oc", 39
"C", 312, "Oc", 39
"C", 312, "Oc", 39
"C", 312, "Oc", 39
"C", 312, "Oc", 39
"C", 312, "Oc", 39
"C", 312, "Oc", 39
"C", 312, "Oc", 39
"C", 312, "Oc", 39
"C", 312, "Oc", 39
"C", 312, "Oc", 39
"C", 312, "Oc", 39
"C", 312, "Oc", 39
"C", 312, "Li", 39
"C", 312, "Li", 39
"C", 312, "Li", 39
"C", 312, "Li", 39
"C", 312, "Li", 39
"C", 312, "Li", 39
"C", 312, "Li", 39
"C", 312, "Li", 39
"C", 312, "Li", 39
"C", 312, "Li", 39
"C", 312, "Li", 39
"C", 312, "Li", 39
"C", 312, "Li", 39
"C", 312, "Li", 39
"C", 312, "Oc", 39
"C", 312, "Oc", 39
"C", 312, "Oc", 39
"C", 312, "Oc", 39
"C", 312, "Oc", 39
"C", 312, "Oc", 39
"C", 312, "Oc", 39
"C", 312, "Oc", 39
"C", 312, "Oc", 39
"C", 312, "Oc", 39
"C", 312, "Oc", 39
"C", 312, "Oc", 39
"C", 312, "Oc", 39
"C", 312, "Oc", 39
"C", 312, "Oc", 39
"C", 312, "Oc", 39
"C", 312, "Oc", 39
"C", 312, "Oc", 39
"C", 312, "Oc", 39
"C", 312, "Oc", 39
"C", 312, "Oc", 39
"C", 312, "Oc", 39